dataset,doc_id,raw_text,clean_text,dominant_topic,dominant_topic_prob
Before Election,0,ধানের শীষে ভোট দিবো মিলেমিশে চান্দা তুলবো,ধানের শীষে ভোট দিবো মিলেমিশে চান্দা তুলবো,0,0.5649402634797636
Before Election,1,"সবাই মিলে করবো কাজ, নেতা মোদের HSC পাস",সবাই মিলে করবো কাজ নেতা মোদের hsc পাস,0,0.8845591327902247
Before Election,2,"ফ্যামিলি কার্ড সাথে আছে পরকাল, শুনে হাসি পাইলো",ফ্যামিলি কার্ড সাথে আছে পরকাল শুনে হাসি পাইলো,4,0.733048432446062
Before Election,3,দেখ খাম্বার মুরিদেরা জান্নাতের টিকেট কে দেয়,দেখ খাম্বার মুরিদেরা জান্নাতের টিকেট কে দেয়,4,0.48373782854565917
Before Election,4,বিম্পি দেখি মাগনা টিকেট দিতেছে!,বিম্পি দেখি মাগনা টিকেট দিতেছে,3,0.7324992771026424
Before Election,5,এখন কি বিএনপিও জান্নাতের টিকেট বিক্রি করছে? এটা নিয়ে বিএনপির ৯ জনকে দেখলাম বিক্রি করতে,এখন কি বিএনপিও জান্নাতের টিকেট বিক্রি করছে এটা নিয়ে বিএনপির জনকে দেখলাম বিক্রি করতে,4,0.8992165481376387
Before Election,6,খাম্বা তারেক জানেন নাকি,খাম্বা তারেক জানেন নাকি,4,0.43325663217344035
Before Election,7,বিএনপির ছাপড়ি গুলো কি টিকেট পাইছে,বিএনপির ছাপড়ি গুলো কি টিকেট পাইছে,3,0.798384346624013
Before Election,8,বিএনপি ভাইয়েরা ভালো করে দেখেন কারা জান্নাতের টিকিট দিচ্ছে,বিএনপি ভাইয়েরা ভালো করে দেখেন কারা জান্নাতের টিকিট দিচ্ছে,4,0.8851861609778169
Before Election,9,গাঞ্জা ইফেক্ট,গাঞ্জা ইফেক্ট,2,0.5999581381618349
Before Election,10,এই বি এন পির নেতা গুলোকে স্কিপ্ট লিখে দেয় কে,এই বি এন পির নেতা গুলোকে স্কিপ্ট লিখে দেয় কে,1,0.8657340378154437
Before Election,11,ওরে বাটপার,ওরে বাটপার,0,0.7333230279037725
Before Election,12,বিএনপি মানেই বিনোদন!,বিএনপি মানেই বিনোদন,1,0.7313088759989899
Before Election,13,ধানের শীষে ভোট দিলেই জান্নাত কনফার্ম,ধানের শীষে ভোট দিলেই জান্নাত কনফার্ম,3,0.8854882595894201
Before Election,14,বিএনপি বললে সবকিছুই জায়েজ,বিএনপি বললে সবকিছুই জায়েজ,4,0.7305314393872377
Before Election,15,"Ai দিয়ে বিডিউ বানিয়ে পরে বিএনপির নামে চালিয়ে দেওয়া , এইটা ঠিকনা",ai দিয়ে বিডিউ বানিয়ে পরে বিএনপির নামে চালিয়ে দেওয়া এইটা ঠিকনা,4,0.5529683989705187
Before Election,16,চাঁদাবাজের বাংলার জমিনে ঠাই নাই,চাঁদাবাজের বাংলার জমিনে ঠাই নাই,4,0.7297336367272454
Before Election,17,"নাটকের নামটা যদি হয়, নির্বাচনের আগে, তাহলে কেমন হয়",নাটকের নামটা যদি হয় নির্বাচনের আগে তাহলে কেমন হয়,0,0.7994414685397567
Before Election,18,Zarek Tia r chagol abid egla dekhena,zarek tia r chagol abid egla dekhena,0,0.2
Before Election,19,বিম্পির কাছেও জান্নাতের টিকিট আছে,বিম্পির কাছেও জান্নাতের টিকিট আছে,4,0.7999899946535742
Before Election,20,তারেক রহমানের নির্দেশে জান্নাতের টিকিট বিক্রি শুরু,তারেক রহমানের নির্দেশে জান্নাতের টিকিট বিক্রি শুরু,4,0.5721263168022973
Before Election,21,ধানের শীষে ভোট দিন জান্নাত বুঝে নিন,ধানের শীষে ভোট দিন জান্নাত বুঝে নিন,3,0.8854323639227192
Before Election,22,"এই গুলো কি,আওয়ামী লীগের লোক আর বিএনপির লোকেরা দেখে নাহ",এই গুলো কি আওয়ামী লীগের লোক আর বিএনপির লোকেরা দেখে নাহ,3,0.8836481993326224
Before Election,23,একমাত্র ধানের শীষেই আছে এহ কাল এবং পরকালের শান্তি,একমাত্র ধানের শীষেই আছে এহ কাল এবং পরকালের শান্তি,3,0.7292432323908827
Before Election,24,ভালোই তো গাছ গাছরা মহাশক্তি ঔষধ বিক্রি করতে পারবে,ভালোই তো গাছ গাছরা মহাশক্তি ঔষধ বিক্রি করতে পারবে,3,0.8364433084619282
Before Election,25,স্যার জেমন জনগন তো তেমন হবে,স্যার জেমন জনগন তো তেমন হবে,0,0.2
Before Election,26,ভাই আমার মনে যেটা হইতেছে তারেক রহমান যেভাবে জিজ্ঞাসা করতেছে কালকে সকালে মনে ঢাকা শহর সিঙ্গাপুরে পরিবর্তন করবে,ভাই আমার মনে যেটা হইতেছে তারেক রহমান যেভাবে জিজ্ঞাসা করতেছে কালকে সকালে মনে ঢাকা শহর সিঙ্গাপুরে পরিবর্তন করবে,3,0.5361033399121303
Before Election,27,খাম্বার কথা মানুষ ভুলে যায়নি,খাম্বার কথা মানুষ ভুলে যায়নি,2,0.798591626500932
Before Election,28,এই নাটকের নাম নির্বাচন,এই নাটকের নাম নির্বাচন,1,0.7986150337071168
Before Election,29,নাটক রে আর কত দেখব বাংলাদেশের মানুষ,নাটক রে আর কত দেখব বাংলাদেশের মানুষ,4,0.8640773362690342
Before Election,30,খাম্বা লাগবে,খাম্বা লাগবে,4,0.7283833033372482
Before Election,31,টাকা দিয়ে ভোট কেনা শুরু,টাকা দিয়ে ভোট কেনা শুরু,4,0.4717574094480629
Before Election,32,চলিতেছ সার্কাস।,চলিতেছ সার্কাস,0,0.2
Before Election,34,তার বিহীন খাম্বাচাই,তার বিহীন খাম্বাচাই,0,0.2
Before Election,35,ধান ক্ষেতেও তাইলে এখন জান্নাতের টিকিট বিক্রি হচ্ছে,ধান ক্ষেতেও তাইলে এখন জান্নাতের টিকিট বিক্রি হচ্ছে,4,0.838049431849805
Before Election,36,নতুনকরেএকচোরএসেছেদেশেতারেক,নতুনকরেএকচোরএসেছেদেশেতারেক,0,0.2
Before Election,37,"বাংলা নাটক দেখা ছেড়ে দিছিলাম,, এখন রেগুলার দেখি ভালোই লাগে",বাংলা নাটক দেখা ছেড়ে দিছিলাম এখন রেগুলার দেখি ভালোই লাগে,3,0.8388046469698531
Before Election,38,জনগণ আর বোকা না ই জামায়াত সঠিক লাল কার্ড দেখিয়ে দিবে শহীদ জিয়ার ধানের শীষ জিন্দাবাদ ফূলের মালা পরবে কে বিএনপি ছাড়া আবার কে আল্লাহ তায়ালা রহমাতে,জনগণ আর বোকা না ই জামায়াত সঠিক লাল কার্ড দেখিয়ে দিবে শহীদ জিয়ার ধানের শীষ জিন্দাবাদ ফূলের মালা পরবে কে বিএনপি ছাড়া আবার কে আল্লাহ তায়ালা রহমাতে,1,0.9373956120117092
Before Election,39,ধানের শীষে ভোট দিলে এই দল যত আকাম করবে তার ভাগীদার আপনে হবেন আখেরাতে জবাব দেওয়া লাগবে,ধানের শীষে ভোট দিলে এই দল যত আকাম করবে তার ভাগীদার আপনে হবেন আখেরাতে জবাব দেওয়া লাগবে,4,0.4818110105316026
Before Election,40,বিএনপিকে ডোবানোর জন্য এমন নেতাই যথেষ্ট  আকেল বুদ্ধি একেবারেই নাই হে আবার নেতা।,বিএনপিকে ডোবানোর জন্য এমন নেতাই যথেষ্ট আকেল বুদ্ধি একেবারেই নাই হে আবার নেতা,1,0.8852855361765227
Before Election,41,"তারেক গং রা অন্যকে জান্নাতের টিকিটের ব্লেম দেয়, এখন নিজেরা",তারেক গং রা অন্যকে জান্নাতের টিকিটের ব্লেম দেয় এখন নিজেরা,1,0.5491118804138012
Before Election,42,এটাও কি লন্ডনের মুফতি সাহেবের হাদিস?,এটাও কি লন্ডনের মুফতি সাহেবের হাদিস,0,0.5999794959786227
Before Election,43,তারেক রহমান আশা করি তার এই কর্মীকে জাতির সামনে জান্নাতের টিকিট বিক্রিকারী হিসেবে পরিচয় করিয়ে দিবেন,তারেক রহমান আশা করি তার এই কর্মীকে জাতির সামনে জান্নাতের টিকিট বিক্রিকারী হিসেবে পরিচয় করিয়ে দিবেন,1,0.45703677018178707
Before Election,44,চাঁদাবাজির ঠিকানা এই বাংলা হবে না,চাঁদাবাজির ঠিকানা এই বাংলা হবে না,1,0.5982740033121833
Before Election,45,দাঁড়িপাল্লা হবেই হবে জয় ইনশাআল্লাহ,দাঁড়িপাল্লা হবেই হবে জয় ইনশাআল্লাহ,1,0.598267546920908
Before Election,46,জান্নাতের টিকিট বিক্রি করল বিএনপির লোকজন আর দোষ চাপল জামাতের উপর,জান্নাতের টিকিট বিক্রি করল বিএনপির লোকজন আর দোষ চাপল জামাতের উপর,4,0.8854580644251201
Before Election,47,ফ্যামিলি কার্ড গাধা কার্ড বোকাচোদা কার্ড সব পাবে বিএনপি ক্ষমতায় আসলে,ফ্যামিলি কার্ড গাধা কার্ড বোকাচোদা কার্ড সব পাবে বিএনপি ক্ষমতায় আসলে,4,0.8852655772895851
Before Election,48,পাস করার পর কচু দিবে জনগণকে দাঁড়িপাল্লায় ভর্তি জনগণকে শান্তিপূর্ণভাবে বাঁচার অধিকার পাবেন,পাস করার পর কচু দিবে জনগণকে দাঁড়িপাল্লায় ভর্তি জনগণকে শান্তিপূর্ণভাবে বাঁচার অধিকার পাবেন,1,0.8393666497646249
Before Election,49,চাঁদা বাজ খমতায় গেলে।দেশ ধংস করে দিবে। জামাত খমতায় দরকার,চাঁদা বাজ খমতায় গেলে দেশ ধংস করে দিবে জামাত খমতায় দরকার,3,0.8991141619930311
Before Election,50,ভোট পাওয়া জন্য কত নাতক করে এই তারেক রহমান যে চালাক,ভোট পাওয়া জন্য কত নাতক করে এই তারেক রহমান যে চালাক,2,0.8377911285100804
Before Election,51,দুর্নীতির চ্যাম্পিয়ন,দুর্নীতির চ্যাম্পিয়ন,0,0.2
Before Election,52,গাজা কি পরিমান খাইলে এই ধরনের কথা বলে,গাজা কি পরিমান খাইলে এই ধরনের কথা বলে,2,0.8393188912647445
Before Election,53,"মাথা নষ্ট হয়ে গেছে, মুখে যা আসে তা-ই বলে বেড়াচ্ছে।",মাথা নষ্ট হয়ে গেছে মুখে যা আসে তা ই বলে বেড়াচ্ছে,3,0.9099304405606979
Before Election,54,বিএনপির ওলি এখন কিছু বলেন।,বিএনপির ওলি এখন কিছু বলেন,4,0.7322282220878469
Before Election,55,ধানের সিস জাহাননামের বিস,ধানের সিস জাহাননামের বিস,3,0.5986990467191097
Before Election,56,মেয়াদ ছাড়া খাইলে যা হয় আরকি,মেয়াদ ছাড়া খাইলে যা হয় আরকি,2,0.8386938337263182
Before Election,57,এই গুলো কি তারেক রহমান এর সামনে পরেনা,এই গুলো কি তারেক রহমান এর সামনে পরেনা,1,0.700822077858785
Before Election,58,সালায় মাল এটু বেসি খাইছে,সালায় মাল এটু বেসি খাইছে,0,0.5999794857629467
Before Election,59,গাঞ্জা খেয়ে মাতাল হয়ে বক্তব্য দিলে এমনই হবে,গাঞ্জা খেয়ে মাতাল হয়ে বক্তব্য দিলে এমনই হবে,2,0.5320267292004356
Before Election,60,ধানের শীষে ভোট দিন নিজের পুটকিমারা নিজে খান,ধানের শীষে ভোট দিন নিজের পুটকিমারা নিজে খান,3,0.8662542201880007
Before Election,61,বাইনচোদ ডেড ওভার গান্জা খাইছে,বাইনচোদ ডেড ওভার গান্জা খাইছে,0,0.5999794857629467
Before Election,62,গাজা খেয়ে আসছে নতুন গাজাখোর,গাজা খেয়ে আসছে নতুন গাজাখোর,2,0.6408174874614504
Before Election,63,"সবাই ভালো করে দেখে নিন, জান্নাত এর টিকিট বিক্রি শুরু করেছে বিএনপি",সবাই ভালো করে দেখে নিন জান্নাত এর টিকিট বিক্রি শুরু করেছে বিএনপি,4,0.9319953696254472
Before Election,64,বাটপার সেটিং,বাটপার সেটিং,0,0.599984997449053
Before Election,65,খাম্বার দল জান্নাতের টিকিট দিচ্ছে ফ্রি,খাম্বার দল জান্নাতের টিকিট দিচ্ছে ফ্রি,4,0.8657125461450672
Before Election,66,বি এন পি তারা এতে সুন্দর ওয়াজ করতে পারে,বি এন পি তারা এতে সুন্দর ওয়াজ করতে পারে,1,0.884852191850474
Before Election,67,একজন রেমিটেন্স যোদ্ধা দেশে ফিরছে,একজন রেমিটেন্স যোদ্ধা দেশে ফিরছে,1,0.5999759195288523
Before Election,68,দেশে এসে প্রথমে শ্বশুর বাড়ি এলাকায় তারেক!,দেশে এসে প্রথমে শ্বশুর বাড়ি এলাকায় তারেক,1,0.7989278139616871
Before Election,69,"রাস্তার পাশের খাম্বাটা'ও হঠাৎ কেঁপে উঠলো, মনে হয় দেশনেতার বিমানটি এসে পড়েছে।",রাস্তার পাশের খাম্বাটা ও হঠাৎ কেঁপে উঠলো মনে হয় দেশনেতার বিমানটি এসে পড়েছে,3,0.7320148597335286
Before Election,70,হাহা খাম্বা তারেকের সেই সুন্দর অভিনয় করেছেন আপনি,হাহা খাম্বা তারেকের সেই সুন্দর অভিনয় করেছেন আপনি,0,0.7986887065877961
Before Election,71,এই লোকের পিছনে আরো নাম আছে খাম্বা তারিখ বোমা তারে টেন পার্সেন্ট,এই লোকের পিছনে আরো নাম আছে খাম্বা তারিখ বোমা তারে টেন পার্সেন্ট,0,0.7990943384148944
Before Election,72,দিলেন তো খাম্বা জায়গা মতো।,দিলেন তো খাম্বা জায়গা মতো,0,0.7305387822108634
Before Election,73,এখানে নাকি ১০ টা খাম্বা ছিলো।,এখানে নাকি টা খাম্বা ছিলো,4,0.7976154589649441
Before Election,74,দয়া করে উনাকে খাম্বা তারেক বলবেন না।,দয়া করে উনাকে খাম্বা তারেক বলবেন না,2,0.7265262062008601
Before Election,75,"চাঁন্দা মোদের অধিকার,বাধা দিলেই রাজাকার!",চাঁন্দা মোদের অধিকার বাধা দিলেই রাজাকার,4,0.8845449849266286
Before Election,76,খাম্বা তারেক,খাম্বা তারেক,2,0.7265262062008601
Before Election,77,বিদেশে বসে ঘরের বউ সামলানো যায় না আর হেতে দেশ সামলাবে,বিদেশে বসে ঘরের বউ সামলানো যায় না আর হেতে দেশ সামলাবে,3,0.7293573526907406
Before Election,78,ভাই খাম্বা কি আম্নের বাড়ির পোতায় বসায় ছিল।,ভাই খাম্বা কি আম্নের বাড়ির পোতায় বসায় ছিল,0,0.731586815256195
Before Election,79,খাম্বা চোরা আসলেই তো,খাম্বা চোরা আসলেই তো,0,0.7993851345776115
Before Election,80,এত খাম্বা চোর তাইতো খাম বানানো হচ্ছে,এত খাম্বা চোর তাইতো খাম বানানো হচ্ছে,0,0.6314679370570663
Before Election,81,আসলেই অটা খাম্বা,আসলেই অটা খাম্বা,0,0.7320051880483716
Before Election,82,গাছের উপর কাউয়া তারেক জিয়া শাওয়া,গাছের উপর কাউয়া তারেক জিয়া শাওয়া,2,0.5963979460825898
Before Election,83,হ্যাঁ ধানের শীষে ভোট দিলে জান্নাত কনফার্ম।,হ্যাঁ ধানের শীষে ভোট দিলে জান্নাত কনফার্ম,3,0.8855900672078182
Before Election,84,ধানের শীষ ধরে ডাইরেক্ট জান্নাত...,ধানের শীষ ধরে ডাইরেক্ট জান্নাত,3,0.5420673791463533
Before Election,85,ইহকালেও চান্দা তুলতে পারবো পরকালেও চান্দা তুলতে পারবো।,ইহকালেও চান্দা তুলতে পারবো পরকালেও চান্দা তুলতে পারবো,0,0.7333303072703944
Before Election,86,"শান্তি আর শান্তি,মহাশান্তি",শান্তি আর শান্তি মহাশান্তি,2,0.7313365671697083
Before Election,87,বাংলাদেশে যত স্টিল খাম্বা আছে সেই খাম্বা গুলো কোথায় গেল,বাংলাদেশে যত স্টিল খাম্বা আছে সেই খাম্বা গুলো কোথায় গেল,4,0.8632039246263592
Before Election,88,আমি কে তুমি কে রাজাকার রাজাকার কে বলেছে কে বলেছে চান্দাবাজ চান্দাবাজ,আমি কে তুমি কে রাজাকার রাজাকার কে বলেছে কে বলেছে চান্দাবাজ চান্দাবাজ,2,0.9106712524578597
Before Election,89,খাম্বা তারেক চাদা বাজ তারেক,খাম্বা তারেক চাদা বাজ তারেক,1,0.8641081472995751
Before Election,90,খামরে খাম্ব হইবো নাকি ওরে বাশ তারিখ,খামরে খাম্ব হইবো নাকি ওরে বাশ তারিখ,0,0.5516656576788462
Before Election,91,"ঋণ খেলাপি, চাঁদাবাজ ও ব্যাংক ডাকাতিদের ভোট দিলে, দেশ একেবারে স্বর্গে চলে যাবে।",ঋণ খেলাপি চাঁদাবাজ ও ব্যাংক ডাকাতিদের ভোট দিলে দেশ একেবারে স্বর্গে চলে যাবে,3,0.5915900008781356
Before Election,93,"সেই টাকায় 17 বছর বসে বসে খায়ে লন্ডনে """"""""""",সেই টাকায় বছর বসে বসে খায়ে লন্ডনে,4,0.7990377259717194
Before Election,94,তারেক শুধু বাংলাদেশ আসলেই খাম্বার সাথে বেঁধে মারবো,তারেক শুধু বাংলাদেশ আসলেই খাম্বার সাথে বেঁধে মারবো,2,0.8384471841367724
Before Election,95,শুধু খাম্বা তারেক নয় বর্তমান চাঁদাবাজ তারেক,শুধু খাম্বা তারেক নয় বর্তমান চাঁদাবাজ তারেক,2,0.8370516511700121
Before Election,96,টেম্পু স্ট্যান্ড কেনো বলে?,টেম্পু স্ট্যান্ড কেনো বলে,3,0.732706964263896
Before Election,97,"এদের বয়কট করুন সবাই মিলে, দারি পাল্লা ইনশাআল্লাহ",এদের বয়কট করুন সবাই মিলে দারি পাল্লা ইনশাআল্লাহ,3,0.8847680527265452
Before Election,98,এতদিন পরে খাম্বা তারেক নামের আসল রহস্য জানতে পারলাম,এতদিন পরে খাম্বা তারেক নামের আসল রহস্য জানতে পারলাম,1,0.8359116732490636
Before Election,99,তারেক রহমানের ময়মনসিংহ ভালুকা থানায় তার খাম্বার ফ্যাক্টরি আছে একটা,তারেক রহমানের ময়মনসিংহ ভালুকা থানায় তার খাম্বার ফ্যাক্টরি আছে একটা,2,0.7994580884097022
Before Election,100,ভোট দিবো ধানের শীর্ষে চাঁদা তুলবো মিলেমিশে,ভোট দিবো ধানের শীর্ষে চাঁদা তুলবো মিলেমিশে,0,0.49318476242269493
Before Election,101,মেয়াদ শেষ হয়ে গেছিলো মনে হয়ে খেলায় করেনি,মেয়াদ শেষ হয়ে গেছিলো মনে হয়ে খেলায় করেনি,3,0.8662785560981481
Before Election,102,গাম ভাতের সাথে মিক্সি করে খাইছে সিউর,গাম ভাতের সাথে মিক্সি করে খাইছে সিউর,0,0.5999794857629467
Before Election,103,"নেতা হচ্ছে লন্ডন ফেরত মুফতি, আর কর্মী হচ্ছে গুলিস্তানের মুফতি",নেতা হচ্ছে লন্ডন ফেরত মুফতি আর কর্মী হচ্ছে গুলিস্তানের মুফতি,0,0.8852908629555906
Before Election,104,নিশার পরিমাণ যখন একটু বেশি হয়,নিশার পরিমাণ যখন একটু বেশি হয়,0,0.2
Before Election,105,নামাজের দোয়া গুলো জানে কি না সন্দেহ আছে,নামাজের দোয়া গুলো জানে কি না সন্দেহ আছে,3,0.5994506762605984
Before Election,106,বিনোদন এ সেরা বিএনপি,বিনোদন এ সেরা বিএনপি,1,0.7313088759989899
Before Election,107,আসল রূপ দিলি তো প্রকাশ করে,আসল রূপ দিলি তো প্রকাশ করে,3,0.5982989262712506
Before Election,108,সেজন্যই জনগণ বয়কট করছে,সেজন্যই জনগণ বয়কট করছে,4,0.7303905983906891
Before Election,109,আজকে সিদ্ধান্ত নিলাম জামাত ইসলামকে ভোট দেব কোন সন্ত্রাসকে ভোট দেব না,আজকে সিদ্ধান্ত নিলাম জামাত ইসলামকে ভোট দেব কোন সন্ত্রাসকে ভোট দেব না,3,0.8661604382465087
Before Election,110,তারেক রহমান বিএনপি কে ধংস করার জন্য এইসব নেতাই যথেষ্ট,তারেক রহমান বিএনপি কে ধংস করার জন্য এইসব নেতাই যথেষ্ট,1,0.9195250906482884
Before Election,111,চাদাবাজএমনহয়,চাদাবাজএমনহয়,0,0.2
Before Election,112,বিএনপির সন্ত্রাসীদের বয়কট করুন,বিএনপির সন্ত্রাসীদের বয়কট করুন,3,0.7989772492795182
Before Election,113,খাবার সামনে দিয়ে এভাবে থ্রেড না দিলেও পারতেন কাকু,খাবার সামনে দিয়ে এভাবে থ্রেড না দিলেও পারতেন কাকু,1,0.838133337446511
Before Election,114,এরা মনে হয় পাবলিকের জুতাপেটা খাওনের সময় ঘনিয়ে আসছে,এরা মনে হয় পাবলিকের জুতাপেটা খাওনের সময় ঘনিয়ে আসছে,3,0.8392627419640503
Before Election,115,খুব ডরাইছি খাংকির পোলা আগের বাংলাদেশ এখন নাই,খুব ডরাইছি খাংকির পোলা আগের বাংলাদেশ এখন নাই,1,0.7969389618608258
Before Election,116,বিএনপি থেকে সাবধান নির্বাচনের আগেই এদের এই অবস্থা নির্বাচনের পরে কি করবে তা বুঝা যাচ্ছে।,বিএনপি থেকে সাবধান নির্বাচনের আগেই এদের এই অবস্থা নির্বাচনের পরে কি করবে তা বুঝা যাচ্ছে,0,0.8970726162515867
Before Election,117,বাংলাদেশ জাতীয়বাদী দল বিএনপি হারার জন্যই আপনার মতই চামচাই যথেষ্ট,বাংলাদেশ জাতীয়বাদী দল বিএনপি হারার জন্যই আপনার মতই চামচাই যথেষ্ট,4,0.8654218182832457
Before Election,118,"এবার যদি বিএনপি সরকার গঠন করে, বুঝতে হবে দেশের মানুষের রুচির পরিবর্তন হয়নাই।",এবার যদি বিএনপি সরকার গঠন করে বুঝতে হবে দেশের মানুষের রুচির পরিবর্তন হয়নাই,4,0.8381608266742387
Before Election,119,নব্য স্বৈরাচারকে আইনের আওতায় আনা হোক,নব্য স্বৈরাচারকে আইনের আওতায় আনা হোক,0,0.2
Before Election,120,"উনি কি বাংলাদেশী, আমার বিশ্বাস হয় না।",উনি কি বাংলাদেশী আমার বিশ্বাস হয় না,0,0.7314717622569449
Before Election,121,কলিকাতা হারবাল এর ঔষধ ইহো কলে শান্তি পরকালে মুক্তি,কলিকাতা হারবাল এর ঔষধ ইহো কলে শান্তি পরকালে মুক্তি,1,0.7977349249376878
Before Election,122,কিভাবে এই সকল লোকদেরকে বাংলাদেশের জনগণ জনপ্রতিনিধি হিসেবে নির্বাচিত করবেন?,কিভাবে এই সকল লোকদেরকে বাংলাদেশের জনগণ জনপ্রতিনিধি হিসেবে নির্বাচিত করবেন,4,0.8852630984556835
Before Election,123,দেশ এদের বাপের সম্প্রতি,দেশ এদের বাপের সম্প্রতি,3,0.731617932296702
Before Election,124,পুলিশ প্রশাসক কি করতেছে তাকে গ্রেফতার কেন করতেছে না,পুলিশ প্রশাসক কি করতেছে তাকে গ্রেফতার কেন করতেছে না,4,0.7996371489490497
Before Election,125,সার্টিফিকেট বিক্রিতে কেউ পিছিয়ে নেই,সার্টিফিকেট বিক্রিতে কেউ পিছিয়ে নেই,0,0.2
Before Election,126,বিম্পির নেতা বলতেছে জান্নাতের টিকিট কনফার্ম তাদের ভোট দিলে,বিম্পির নেতা বলতেছে জান্নাতের টিকিট কনফার্ম তাদের ভোট দিলে,4,0.548862478412335
Before Election,127,দেখেন যা ভালো বুঝেন বদ্দারা,দেখেন যা ভালো বুঝেন বদ্দারা,0,0.7975294086263263
Before Election,128,ভোটের আগেই আসল রুপ দেখিয়ে দিলে,ভোটের আগেই আসল রুপ দেখিয়ে দিলে,3,0.8386240248222356
Before Election,129,এইসব ফালতু কথা কর্মের জন্য বিএনপির ভোট নাই তাও আরও কমছে,এইসব ফালতু কথা কর্মের জন্য বিএনপির ভোট নাই তাও আরও কমছে,4,0.8635511314102322
Before Election,130,"ঐ এলাকার সকল মানুষ মনে মহিলা। সবাই মনে হয় চুরি পরে ঘরে বসে থাকে, আর ঐ চাঁদাবাজ নেতা তাদের খাওয়া পরার ব্যবস্থা করে। তাই এত বড় কথা।",ঐ এলাকার সকল মানুষ মনে মহিলা সবাই মনে হয় চুরি পরে ঘরে বসে থাকে আর ঐ চাঁদাবাজ নেতা তাদের খাওয়া পরার ব্যবস্থা করে তাই এত বড় কথা,4,0.9373518995254961
Before Election,131,"প্রকাশ্যে এরকম হুমকি, তার বিরুদ্ধে ইসি ব্যবস্থা নিয়েছে কি? জানা থাকলে জানাবেন।",প্রকাশ্যে এরকম হুমকি তার বিরুদ্ধে ইসি ব্যবস্থা নিয়েছে কি জানা থাকলে জানাবেন,1,0.7324757424386168
Before Election,132,হাসিনার থেকে কম কোথায় এই দলে,হাসিনার থেকে কম কোথায় এই দলে,4,0.7329400189288444
Before Election,133,রাজনীতির মাঠে ধর্ম ব্যবসার প্রতিযোগিতা চলছে মনে হয়!!!,রাজনীতির মাঠে ধর্ম ব্যবসার প্রতিযোগিতা চলছে মনে হয়,3,0.7994066558323104
Before Election,134,লাল পানি বেশ খেয়েছে,লাল পানি বেশ খেয়েছে,1,0.5999620515059844
Before Election,135,ধানের তো হাল্লা নাই জান্নাতে কেমনে যাবে?,ধানের তো হাল্লা নাই জান্নাতে কেমনে যাবে,0,0.83552246094787
Before Election,136,তুই কোন চ্যাটের বাল যে তোর ভয়ে অন্য কোথাও ভোট দেওয়া যাবে না,তুই কোন চ্যাটের বাল যে তোর ভয়ে অন্য কোথাও ভোট দেওয়া যাবে না,4,0.835308709908099
Before Election,137,আগে শুনতাম জামাত ধর্ম ব্যবসায়ী এতো দেখছি পাক্কা মওলানা,আগে শুনতাম জামাত ধর্ম ব্যবসায়ী এতো দেখছি পাক্কা মওলানা,3,0.7333172776581356
Before Election,138,গাজা গোর জান্নাত কনফার্ম,গাজা গোর জান্নাত কনফার্ম,3,0.5510038001631299
Before Election,139,রাজনিতির নেশায় এদের ঈমান নষ্ট হয়ে গেছে,রাজনিতির নেশায় এদের ঈমান নষ্ট হয়ে গেছে,1,0.838255827294016
Before Election,140,বিএনপি কে পচাইছে এসব নেতারা,বিএনপি কে পচাইছে এসব নেতারা,4,0.5055124223318439
Before Election,141,তাহলে ভোটের দরকার কি? গদিতে বসলেই হয়।,তাহলে ভোটের দরকার কি গদিতে বসলেই হয়,0,0.7993532498329555
Before Election,142,পাগলের সুখ নাকি মনে মনে এই পাগলামি নির্বাচনের পরে কোথায় থাকবে আপনার,পাগলের সুখ নাকি মনে মনে এই পাগলামি নির্বাচনের পরে কোথায় থাকবে আপনার,3,0.8650109464132626
Before Election,143,কিসের বি এন পি পাবে ৪২০ আসন,কিসের বি এন পি পাবে আসন,2,0.8384439729531813
Before Election,144,তাহলে আর নির্বাচন দরকার কি।,তাহলে আর নির্বাচন দরকার কি,0,0.5517708977196424
Before Election,145,চান্দাব্বাস হাদী হত্যা ভূমিকায় অপরিসীম।,চান্দাব্বাস হাদী হত্যা ভূমিকায় অপরিসীম,4,0.7330557989233637
Before Election,146,"বিচারের দাবি নাই, তাই আপাকে দেশে না এনে দাদাদের কাছেই রাখতে চায়!! নতুন বন্দোবস্ত",বিচারের দাবি নাই তাই আপাকে দেশে না এনে দাদাদের কাছেই রাখতে চায় নতুন বন্দোবস্ত,1,0.7988462073172065
Before Election,147,বিনপি তো আওমীলিগ সাথে নিতে ছে,বিনপি তো আওমীলিগ সাথে নিতে ছে,4,0.730488035714308
Before Election,148,"আপনারাই তো হাসিনার পক্ষে কথা বলেন,,এখন সুর বদল হইছে",আপনারাই তো হাসিনার পক্ষে কথা বলেন এখন সুর বদল হইছে,4,0.8393438245044443
Before Election,149,কিরে এত সহজে বাইরে গেল ভাষণ,কিরে এত সহজে বাইরে গেল ভাষণ,1,0.7321070759307683
Before Election,150,চাঁন্দা আব্বাস,চাঁন্দা আব্বাস,4,0.7297850208012601
Before Election,151,কাকু সময় বদলাইছে ওহন পাব্লিক আগের পুরানা নষ্ট খাবার খায় না,কাকু সময় বদলাইছে ওহন পাব্লিক আগের পুরানা নষ্ট খাবার খায় না,0,0.8377680673162353
Before Election,152,মির্জা আব্বাস হল  বিএনপি'র মীরজাফর,মির্জা আব্বাস হল বিএনপি র মীরজাফর,4,0.7964011481728461
Before Election,153,দাদু গিরগিটির মতো রং চেঞ্জ করো না তোমাদের মুখে একটা অন্তরে আরেকটা,দাদু গিরগিটির মতো রং চেঞ্জ করো না তোমাদের মুখে একটা অন্তরে আরেকটা,3,0.7980234766515574
Before Election,154,তোরে কে ভোট দিবো,তোরে কে ভোট দিবো,2,0.5465587867625018
Before Election,155,গডফাদার,গডফাদার,0,0.2
Before Election,156,বাটপার,বাটপার,0,0.599984997449053
Before Election,157,এ-র জন্যই হাদিকে সরিয়ে দিয়েছিস,এ র জন্যই হাদিকে সরিয়ে দিয়েছিস,4,0.7333029362957825
Before Election,158,চান্দাব্বাস,চান্দাব্বাস,4,0.599975638959427
Before Election,159,ঢাকা -৮ এ চান্দাবাজ এর স্থান আর হবে না ইনশাআল্লাহ,ঢাকা এ চান্দাবাজ এর স্থান আর হবে না ইনশাআল্লাহ,1,0.8384863962030313
Before Election,160,চান্দাব্বাছ,চান্দাব্বাছ,0,0.2
Before Election,161,হাসিনাকে তোমরা নিয়ে আসবা,হাসিনাকে তোমরা নিয়ে আসবা,0,0.2
Before Election,162,"আপনার দলই তো, আওয়ামী লীগ কে দলে এডপ্ট করতেছে।
হ্লা ফ্লাউল",আপনার দলই তো আওয়ামী লীগ কে দলে এডপ্ট করতেছে হ্লা ফ্লাউল,2,0.5341999765457719
Before Election,163,ভারতীয় রং আপনারা নিজেরাই গায়ে লাগিয়ে গুরতেছেন,ভারতীয় রং আপনারা নিজেরাই গায়ে লাগিয়ে গুরতেছেন,0,0.7976325313326033
Before Election,164,"জনগণ কে সিদ্ধান্ত নিতে দিন , আপনারা বাধা দিচ্ছেন কেন ?",জনগণ কে সিদ্ধান্ত নিতে দিন আপনারা বাধা দিচ্ছেন কেন,1,0.8988740114911828
Before Election,165,"কালার না সত্যি, নিজের বংশের কিছু লোক কে এমন দেখলাম। আর কারে কি বলবো।",কালার না সত্যি নিজের বংশের কিছু লোক কে এমন দেখলাম আর কারে কি বলবো,2,0.8657802073118925
Before Election,166,আপনি তো হাদিকে মারচেন আল্লাহ বিচার করবেন ইংশাললাহ অপেক্ষায় থাকেন,আপনি তো হাদিকে মারচেন আল্লাহ বিচার করবেন ইংশাললাহ অপেক্ষায় থাকেন,4,0.8388012909837373
Before Election,167,মীরজা ওবায়দুল কাদের,মীরজা ওবায়দুল কাদের,0,0.2
Before Election,168,চান্দা আব্বাস।‌।,চান্দা আব্বাস,0,0.7326644355416748
Before Election,169,"ঢাকা ৮ এর জনগণ, অবশ্যই হাদী ভাই এর হত্যার বিচার করবে, চান্দাব্বাসকে হারিয়ে",ঢাকা এর জনগণ অবশ্যই হাদী ভাই এর হত্যার বিচার করবে চান্দাব্বাসকে হারিয়ে,1,0.910296656150182
Before Election,171,সব আওয়ামী লীগ তো বিএনপিতে যোগ দিতাছে।,সব আওয়ামী লীগ তো বিএনপিতে যোগ দিতাছে,2,0.733111390204485
Before Election,172,আব্বাস কাকু মির্জা ফখরুল সাহেব কি বলে আওয়ামী লীগের ভোট চায় উনাদের নামে মামলা থাকবে না আর আপনি কি বলেন সেই আওয়ামী লীগের মতো শুরু করেছেন আপনারা এক একজন এক একটা নাটক করেন এক এক সময়,আব্বাস কাকু মির্জা ফখরুল সাহেব কি বলে আওয়ামী লীগের ভোট চায় উনাদের নামে মামলা থাকবে না আর আপনি কি বলেন সেই আওয়ামী লীগের মতো শুরু করেছেন আপনারা এক একজন এক একটা নাটক করেন এক এক সময়,2,0.9689504238917026
Before Election,173,চাঁন্দা ভাইকে বর্জন করুন,চাঁন্দা ভাইকে বর্জন করুন,3,0.7295832908804424
Before Election,174,মির্জা আব্বাস সাহেব আপনি।  হাদীকে আপনি থ্রেড দিয়েছিলেন কেন তাকে কেন বলেছিলেন যে তুমি কখনো ওয়ার্ড কাউন্সিলার হয়েছিলে,মির্জা আব্বাস সাহেব আপনি হাদীকে আপনি থ্রেড দিয়েছিলেন কেন তাকে কেন বলেছিলেন যে তুমি কখনো ওয়ার্ড কাউন্সিলার হয়েছিলে,4,0.8838909334798324
Before Election,176,ব্যাংকের মালিক হইলা কেমনে।,ব্যাংকের মালিক হইলা কেমনে,0,0.5999676839065646
Before Election,177,চান্দাবাজদের বয়কট করেছে বাংলাদেশের ছাত্র সমাজ। তার প্রমাণ ছয়টা বিশ্ববিদ্যালয়ের ছাত্র সংসদ ভোটের রেজাল্ট।,চান্দাবাজদের বয়কট করেছে বাংলাদেশের ছাত্র সমাজ তার প্রমাণ ছয়টা বিশ্ববিদ্যালয়ের ছাত্র সংসদ ভোটের রেজাল্ট,3,0.8388711855588596
Before Election,178,"নতুন আরেকটি রঙ আবিস্কার বলো, ভারতীয় রঙ",নতুন আরেকটি রঙ আবিস্কার বলো ভারতীয় রঙ,1,0.7303892091310581
Before Election,179,দুর হালা খবিস,দুর হালা খবিস,0,0.2
Before Election,180,দূর্নিতির বর পুত্র,দূর্নিতির বর পুত্র,0,0.2
Before Election,181,আওয়ামী লীগ পুনর্বাসনের কাজ চলছে,আওয়ামী লীগ পুনর্বাসনের কাজ চলছে,2,0.8388235929508119
Before Election,182,কাকু এতদিন কি করছেন,কাকু এতদিন কি করছেন,2,0.798928002144587
Before Election,183,সে একটা ছেলে নয়! নাসির উদ্দিন পাটোয়ারী নির্বাচিত হয়ে স্বরাষ্ট্রমন্ত্রী ইনশাল্লাহ!,সে একটা ছেলে নয় নাসির উদ্দিন পাটোয়ারী নির্বাচিত হয়ে স্বরাষ্ট্রমন্ত্রী ইনশাল্লাহ,0,0.8653023135033219
Before Election,184,হাদীর বিচার চাইলে চান্দাব্বাসদের হটাতে হবে৷,হাদীর বিচার চাইলে চান্দাব্বাসদের হটাতে হবে৷,1,0.5987643271195153
Before Election,185,চাঁদাবাজ ও সন্ত্রাস ভূমিধস দুর্নীতি ৫চ্যামফিয়ান দলকে না বলুন,চাঁদাবাজ ও সন্ত্রাস ভূমিধস দুর্নীতি চ্যামফিয়ান দলকে না বলুন,4,0.731267331945971
Before Election,186,চান্দা বাবার মুখে ধর্মের বুলি,চান্দা বাবার মুখে ধর্মের বুলি,0,0.7308592262228246
Before Election,187,চান্দা ভাই,চান্দা ভাই,0,0.7324940009681048
Before Election,188,চান্দা আব্বাস এবার জামানত হারাবি রে আগেই রেন্ডিয়ার ভিষা রেডি রাখ,চান্দা আব্বাস এবার জামানত হারাবি রে আগেই রেন্ডিয়ার ভিষা রেডি রাখ,0,0.866366496221264
Before Election,189,17 বছর ভণ্ডামি করছো।।।,বছর ভণ্ডামি করছো,2,0.5965047416312184
Before Election,190,এক নামবার চান্দাবাস,এক নামবার চান্দাবাস,2,0.5999849314920631
Before Election,191,মির্জা আব্বাস হাদী হত্যাই জড়িত তার কথার বুঝা যায়,মির্জা আব্বাস হাদী হত্যাই জড়িত তার কথার বুঝা যায়,0,0.5634403094711242
Before Election,192,চান্দাব্বাস। হাদী হত্যার সাথে জড়িত।,চান্দাব্বাস হাদী হত্যার সাথে জড়িত,4,0.799159614568403
Before Election,193,চান্দাবাজ হটাও দেশ বাঁচাও,চান্দাবাজ হটাও দেশ বাঁচাও,3,0.7317009895638644
Before Election,194,তাহলে আব্বাস ভাই আপনি ফখরুল সাহেব কে বুঝান,তাহলে আব্বাস ভাই আপনি ফখরুল সাহেব কে বুঝান,2,0.4827151483286515
Before Election,195,তুমাকেও আমরা চাই না।এবার শুধু জামাত,তুমাকেও আমরা চাই না এবার শুধু জামাত,3,0.40039471765728984
Before Election,196,চাঁদ্দাব্বাস,চাঁদ্দাব্বাস,0,0.2
Before Election,197,টাকার বদলে আওয়ামী লীগ দিয়েই তো দলটা পরিচালনা করছেন আপনারা,টাকার বদলে আওয়ামী লীগ দিয়েই তো দলটা পরিচালনা করছেন আপনারা,2,0.8396586725194459
Before Election,198,ধামরা চান্দা আব্বাস বিএনপি র পতনের কারন হবে।,ধামরা চান্দা আব্বাস বিএনপি র পতনের কারন হবে,4,0.5033264462556605
Before Election,199,চাঁন্দাবাসকে রিমান্ডে নিলেই হাদি হ*ত্যার প্রকৃত সত্য বেরিয়ে আসবে।,চাঁন্দাবাসকে রিমান্ডে নিলেই হাদি হ ত্যার প্রকৃত সত্য বেরিয়ে আসবে,0,0.2
Before Election,200,নৌকা R ধানের শিস দুই শাপের একি বিশ,নৌকা r ধানের শিস দুই শাপের একি বিশ,0,0.7278499127213082
Before Election,201,চাদা আব্বাস,চাদা আব্বাস,4,0.7285668604713316
Before Election,202,চান্দাব্বাস,চান্দাব্বাস,4,0.599975638959427
Before Election,203,চান্দা আব্বাস,চান্দা আব্বাস,0,0.7326644355416748
Before Election,204,বুড়া বয়সেও ক্লিন সেভ,বুড়া বয়সেও ক্লিন সেভ,0,0.2
Before Election,205,হাস্যকর ডায়লগ আপনাদের এই কথা কাউকে বিশ্বাস করেনা।,হাস্যকর ডায়লগ আপনাদের এই কথা কাউকে বিশ্বাস করেনা,0,0.39957278883196923
Before Election,206,পরিবারতন্ত্রকে না বলুন।,পরিবারতন্ত্রকে না বলুন,0,0.5972275801965594
Before Election,207,আপনাকে সবাই চান্দাবাজ বলে কেনো',আপনাকে সবাই চান্দাবাজ বলে কেনো,3,0.8390810728436365
Before Election,208,চুরি করে চোর,চুরি করে চোর,2,0.7286100325851911
Before Election,210,আল্লামা মির্জা আব্বাস ওরফে চান্দা আব্বাস,আল্লামা মির্জা আব্বাস ওরফে চান্দা আব্বাস,0,0.8393821974913293
Before Election,211,মির্জা পরিবার কে আর নয়,মির্জা পরিবার কে আর নয়,0,0.511634034874841
Before Election,212,বিএনপি একটা জোকার দলে পরিনত হইছে,বিএনপি একটা জোকার দলে পরিনত হইছে,4,0.7991996017270745
Before Election,213,ওরে বাটপার চান্দা আব্বাস,ওরে বাটপার চান্দা আব্বাস,0,0.8398187347269185
Before Election,214,ভোটের পরে বুঝা যাবে।,ভোটের পরে বুঝা যাবে,0,0.7992461549102826
Before Election,215,বাংলাদেশ এ ডুকতে হলে চাঁন্দা দিয়ে ডুকতে হবে,বাংলাদেশ এ ডুকতে হলে চাঁন্দা দিয়ে ডুকতে হবে,4,0.730997815695101
Before Election,216,চাপা মেরে লাভ নেই বাংলার জনগণ তোমাকে আর গ্রহণ করবে না,চাপা মেরে লাভ নেই বাংলার জনগণ তোমাকে আর গ্রহণ করবে না,4,0.7318715023779876
Before Election,217,আব্বাস উদ্দিন এম পি হওয়া শ্যাস  সোনার বাংলাদেশ,আব্বাস উদ্দিন এম পি হওয়া শ্যাস সোনার বাংলাদেশ,2,0.8364154714108912
Before Election,218,পৃথিবীতে সবচেয়ে সুখী মানুষ বিএনপির সকল কর্মী কারন তাদের কোনো লজ্জা শরম নাই ।,পৃথিবীতে সবচেয়ে সুখী মানুষ বিএনপির সকল কর্মী কারন তাদের কোনো লজ্জা শরম নাই,4,0.8848865718461241
Before Election,219,খান্কিরছেলে কয় কি রে,খান্কিরছেলে কয় কি রে,0,0.5989242297421494
Before Election,220,আব্বাস হাদী হত্যাকারীর পরিকল্পনাকারী,আব্বাস হাদী হত্যাকারীর পরিকল্পনাকারী,4,0.7297237439281214
Before Election,221,জামাতের জনপ্রিয়তা দেখে বিএনপি'র নেতারা ভুলভাল বকছে।,জামাতের জনপ্রিয়তা দেখে বিএনপি র নেতারা ভুলভাল বকছে,4,0.8394822822816173
Before Election,222,পাগল হয়ে গেছে,পাগল হয়ে গেছে,2,0.7987207623825308
Before Election,223,কত বড় মাপের মাদার বোড ভাবা যায়,কত বড় মাপের মাদার বোড ভাবা যায়,2,0.733091362696484
Before Election,224,"বিএনপি'র লোকজন পাগল হয়ে গেছে, আর পাগল মানুষ কখনো দেশ চালাতে পারে না",বিএনপি র লোকজন পাগল হয়ে গেছে আর পাগল মানুষ কখনো দেশ চালাতে পারে না,2,0.926148069859409
Before Election,225,"বিএনপি নেতারা পাগল হয়ে গেছে ক্ষমতার লোভে, আল্লাহ যেন তাদেরকে হেদায়েত দান করেন",বিএনপি নেতারা পাগল হয়ে গেছে ক্ষমতার লোভে আল্লাহ যেন তাদেরকে হেদায়েত দান করেন,2,0.5741203067934114
Before Election,226,ভোট চাওয়ার নতুন নতুন টেকনিক। আহারে পাগলা জাতি আর কত খিদে দেখাবি।,ভোট চাওয়ার নতুন নতুন টেকনিক আহারে পাগলা জাতি আর কত খিদে দেখাবি,2,0.8383636166442967
Before Election,227,এরা আওয়ামী লীগের চেয়েও বড় সৈরাচার হবে,এরা আওয়ামী লীগের চেয়েও বড় সৈরাচার হবে,2,0.839526382010786
Before Election,228,"বিএনপি শুধু এদের মতন কুলাঙ্গারি তৈরি করছে, ভালো মানুষ তৈরি করতে পারে নাই।",বিএনপি শুধু এদের মতন কুলাঙ্গারি তৈরি করছে ভালো মানুষ তৈরি করতে পারে নাই,1,0.8985430687188056
Before Election,229,কুত্তার বাচ্চা দের বাটপারি কথাবার্তা শেষ হয় না,কুত্তার বাচ্চা দের বাটপারি কথাবার্তা শেষ হয় না,3,0.5984409551124907
Before Election,230,এই শালারা নেতার যোগ্যতা রাখে না,এই শালারা নেতার যোগ্যতা রাখে না,0,0.2
Before Election,231,বিএনপির নেতাদের বক্তব্য কারনে এই নির্বাচন হারবে এই কথা টা এই নেতারা বুঝতে পারে না,বিএনপির নেতাদের বক্তব্য কারনে এই নির্বাচন হারবে এই কথা টা এই নেতারা বুঝতে পারে না,4,0.9102556208273369
Before Election,232,আমি ব্যক্তিগতভাবে মনে করতাম তারেক রহমান সাহেব অনেক মেধাবী। এখন দেখতেছি তার মাথায় গোবর ছাড়া কিছু নাই। যে কথা বললে দলের লাভের চেয়ে ক্ষতি হবে।সে কথা জামায়াতের আমির কেন বলতে যাবে?,আমি ব্যক্তিগতভাবে মনে করতাম তারেক রহমান সাহেব অনেক মেধাবী এখন দেখতেছি তার মাথায় গোবর ছাড়া কিছু নাই যে কথা বললে দলের লাভের চেয়ে ক্ষতি হবে সে কথা জামায়াতের আমির কেন বলতে যাবে,2,0.9315252446971188
Before Election,233,ছাপড়িদের লিডার,ছাপড়িদের লিডার,0,0.2
Before Election,234,কয় জায়গায় সামাল দিবে এরকম জয় বাংলা স্লোগান শত শত দেওয়া বিএনপি আছে,কয় জায়গায় সামাল দিবে এরকম জয় বাংলা স্লোগান শত শত দেওয়া বিএনপি আছে,1,0.8655682670001407
Before Election,235,বিএনপি মানে আওয়ামী লীগ আওয়ামী লীগ মানে বিএনপি সুতরাং নো প্রবলেম।,বিএনপি মানে আওয়ামী লীগ আওয়ামী লীগ মানে বিএনপি সুতরাং নো প্রবলেম,2,0.8841959842798535
Before Election,236,আওয়ামী লীগ তাদের রক্তে ধানে বাচাইব তাদের জান,আওয়ামী লীগ তাদের রক্তে ধানে বাচাইব তাদের জান,2,0.7333266600396776
Before Election,237,বিএনপি এখন দেউলিয়া হয়ে গেছে যার কারণে মাথা খারাপ হয়ে গেছে,বিএনপি এখন দেউলিয়া হয়ে গেছে যার কারণে মাথা খারাপ হয়ে গেছে,1,0.8847218442730123
Before Election,238,আয়রে তারিখে দুই নম্বরে কাজ করস তারিখ ঘোষণা বাট পাড়ি দেন ঠাম্বাচ খাম্বাচোর তারিখে চোরা খাম্বা চোর,আয়রে তারিখে দুই নম্বরে কাজ করস তারিখ ঘোষণা বাট পাড়ি দেন ঠাম্বাচ খাম্বাচোর তারিখে চোরা খাম্বা চোর,0,0.8855001626830449
Before Election,239,ছাত্রদলে টুকাই এ ভরপুর,ছাত্রদলে টুকাই এ ভরপুর,0,0.2
Before Election,240,"পদে নাই, বডিটা আসছে আরকি",পদে নাই বডিটা আসছে আরকি,1,0.7969592258894528
Before Election,241,"ঐটা সেন্ট্রাল হবেনা, মেন্টাল ছাত্রদল হবে",ঐটা সেন্ট্রাল হবেনা মেন্টাল ছাত্রদল হবে,1,0.7999889798360781
Before Election,242,উনি সত্যিই মেন্টাল নেতা,উনি সত্যিই মেন্টাল নেতা,1,0.7983410523238729
Before Election,243,ভাই ভুল করে টেম্পো স্টান মনে করে চলে আসছে,ভাই ভুল করে টেম্পো স্টান মনে করে চলে আসছে,3,0.8389553255168277
Before Election,244,সেন্ট্রাল থেকে মেন্টাল কোনটা বাদ যাবে না,সেন্ট্রাল থেকে মেন্টাল কোনটা বাদ যাবে না,1,0.5506497193545141
Before Election,245,ও মেন্ট্রাল এর দলে আছে-- সেন্ট্রাল এর না,ও মেন্ট্রাল এর দলে আছে সেন্ট্রাল এর না,1,0.8390703260448819
Before Election,246,গাঁজার দাম কি সস্তা হয়েছে,গাঁজার দাম কি সস্তা হয়েছে,0,0.2
Before Election,248,চেহারাতেই মেন্টাল ছাত্রদল ভাব আছে,চেহারাতেই মেন্টাল ছাত্রদল ভাব আছে,1,0.7333172118755547
Before Election,249,বি‌শেষ খাবার খে‌য়ে আস‌ছে উনি। গ‌ঞ্জিকা,বি শেষ খাবার খে য়ে আস ছে উনি গ ঞ্জিকা,2,0.8648995963919396
