Comment,Sentiment
লিডার চালিয়ে যান পুরো পৃথিবী আপনার বিপক্ষে থাকলেও আমি পৃথিবীর পক্ষেই আছি,Positive
ভোট দিবো ধানের শীর্ষে চাঁদা তুলবো মিলেমিশে,Sarcastic_negative
"ছেলেটা দারুণ সাহসী। এতো জুতা খাওয়ার পরও নতুন নতুন বানী নিয়ে চলে আসে,, বাহ -- লেগে থাক ভাই..
",Sarcastic_negative
জনগণের ইচ্ছে যাকে খুশি তাকে ভোট দিবে দেশ টাকার বাবার না স্বৈরাচারের মতো ব্যবহার করে পরিপাশে আগস্টের মত শেখ হাসিনার মত হবে ইনশাআল্লাহ,Positive
এদেশের গর্ব তুমি ভাই আরও এগিয়ে যাও! পাবনার দিকে,Sarcastic_negative
সাহসী নেতার সাহসী বাণী!,Positive
"""১২ তারিখের পর ওই এলাকার মানুষ ওকে খুঁজবে। আর ও কোথায় থাকবে, তা জানা নেই।",Negative
"তারুণ্যের প্রথম ভোটটি হোক অন্যায়, দুর্নীতি, চাদাবাজি, ঋণ খেলাপির বিরুদ্ধে। ন্যায় সততা ও ইনসাফ এর পক্ষে, শিক্ষিত মার্জিত! একজন ভালো ব্যক্তির পক্ষে!",Positive
,
নেতা এমনই হওয়া দরকার,Positive
বেশি লাফালাফি করলে দাঁড়িয়ে থাকতে পারবে না,Negative
চাঁদাবাজ মুক্ত সন্ত্রাস মুক্ত দূর্নীতি মুক্ত দেশ গড়তে দাঁড়িপাল্লায় ভোট দিয়ে জয়যুক্ত করুন ইনসাফের রাষ্ট্র গঠন করুন।,Positive
প্রতিহিংসার রাজনীতি না করি কিভাবে দেশে ভালো কিছু করা যায় সেভাবে কাজ করি,Positive
"নৌকা গেছে যে পথে, ধানের শীষ যাবে সে পথে। নৌকা আর ধানের শীষ লাঙ্গল দেখাও শেষ, দাঁড়িপাল্লা গড়বে এবার সোনার বাংলাদেশ।",Positive
সব জায়গায় একই অবস্থা নির্বাচন বন্ধ করে দেওয়া হোক আমি লীগকে ঘুরিয়ে নিয়ে আনুক তারা বিপক্ষে কোন দলকে সাইট দেয় না হুমকি দিয়ে থাকে প্রতিটা ওয়ার্ড পর্দা থেকে একই অবস্থা,Negative
"দল থেকে দেরকে আজীবনের জন্য বহিষ্কার করা হোক,, নয়তো বিএনপি-র ইজ্জত মাঠে থেকে যাবে বাসায় নিয়ে ফিরতে পারবে না",Negative
ক্ষমতা আসার আগেই এতো কিছু। ক্ষমতা আসার পর কি হবে একমাত্র আল্লাহ জানে,Sarcastic_negative
"দেশের জনগণ এখন সচেতন। জোরজবরদস্তির রাজনীতি এখন আর চলবে না মানুষ আদর্শবান নেতা চায়, যার হাতে নিরাপদ দেশ ও জাতি",Positive
এই বক্তব্য জামাতের কেউ দিলে রাকিব চাচা দল বল নিয়ে রাস্তায় নাইমে যাতো,
বিএনপি আস্তে আস্তে আসল রূপে ফিরে আসতেছে,
"একবারে আওমী সন্ত্রাসীদের হুংকার দিয়ে ভোটারদের জিম্মি করতে চাই,এগুলো কে জনগন আর ভয় করে না।",
নব্য ফ্যাসিজম,
ভালবাসা দিয়ে মানুষের মন জয় করতে হয় ভয় দেখিয়ে নয়,
ওকে দশটা জুতার বাড়ি দেওয়া হোক,
দেন উনাকে ভাইরাল করে চান্দে উঠাইবেন,
এই পাগল ছাগলরা দলটাকে শেষ করে দিলো,
এই সময় এই ধরনের শব্দ যেই করবে দল থেকে বহিষ্কার করা উচিৎ। আজকাল এই গুলো মানুষ ভয়পায়না।,
এজন্যই ত জাতি এঁদের থেকে মুখ ফিরিয়ে নিয়েছে।,
দম্ভ ধ্বংস হোক,
এরকম কিছু পাগল না থাকলে নির্বাচনীয় মাঠ গরম হয় না।,
ভোট দিবো কিশে ধানের শীষে,
আপনাদের জরিপটা সুন্দর লাগলো এটাই বাস্তব আর অন্যগুলোতে সবাই শক্ত অবস্থায় আছে সেখান থেকে কিছু সিট বিএনপি পাবে মোটামুটি,
ইনশাআল্লাহ ধানের শীষ আমি আসা করি বিএনপি ক্ষমায় আসলে বাংলাদেশ নতুন বাংলাদেশ হয়ে উঠবে আবার,
যে মন পঞ্চগড় এক আসন বিএনপি ধানের শীষ জিতবে,
কুমিল্লা নাঙ্গলকোট আসন বিএনপি বিশাল ভোটে জয় লাভ করবে,
পাগলের সুখ নাকি মনে মনে এই পাগলামি নির্বাচনের পরে কোথায় থাকবে আপনার,
আমাদের মুন্সিগন্জ জেলার ২ নং আসন লৌহজং ও টংগি বাড়ি এডভোকেট আব্দুল সালাম আজাদ ১০০% নিসচিত ইনশাআল্লাহ,
এই খবর দেখে আপনারা বিএনপির ভাইরা আনন্দে গদ গদ ইয়েন না। ফলাফল ঘরে তোলা পর্যন্ত অতন্দ্র প্রহরীর মত ভোট কেন্দ্র পাহারা দিবেন ।সবার বড় দায়িত্ব মহিলাদের ভোট কেন্দ্রে নিয়ে ভোট দেয়ানো ।ভোট দেয়ার পর মহিলাদের সম্মানের সহিত বাড়িতে পৌছে দিতে হবে,
আপনার ধারণা অনেকটাই সত্য।,
সঠিক মোট ২২০ পাবে,
লক্ষীপুর জেলায় কোন আসন না পেলেও লক্ষীপুর ৪ শতভাগ নিশ্চিত ইনশাআল্লাহ,
নোয়াখালী পাঁচ ফখরুল ইসলাম 100%,
হবিগঞ্জ সদর আছে নাম্বার ওয়ান আলকাত জি কে গোস বিপুল পুরে পাস হইবো বিপুল ভোটে,
কিসের বি এন পি পাবে ৪২০ আসন,
তাহলে আর নির্বাচন দরকার কি।,
আপনার জরিপ আমার খুব পছন্দ হয়েছে তবে আরও বেশি আসন পাবে বিএনপি,
২৮ কুড়িগ্রাম ৪ বিএন পি জয় নিশ্চিত ইনশাআল্লাহ।,
চুয়াডাঙ্গা এক আসন জেলা বিএনপি ৭০% ভোটার এগিয়ে আছে চুয়াডাঙ্গা শরিফুজ্জামান শরীফ ভাই এমপি প্রার্থী হবে,
সময় টিভি কে জয় বাংলা করা হবে শনিবার দিন,
এত বড় গুনিনরা যখন গননা করে দিয়েছে তখন আর ভোটের দরকার কি? রাত থেকেই ফ্যামিলি কার্ড দেওয়া শুরু করে দিক।,
এমন ততথো উঠে আসে সুধু সময় টিভিতে,
,
মিডিয়া তো দেখছি ১দলিয় কাজ করছে,
বিএনপির ইশরাকের কর্মীরা রাতে ভোট দিতে গিয়ে জনতার কাছে ধরা। ভোটকেন্দ্র পাহারা দাও ছাত্র-জনতা।,
ইনশাআল্লাহ বিজয় আমাদের,
"ইনশাআল্লাহ ধানের শীষের বিজয় সুনিশ্চিত

",
ইনশাআল্লাহ দাড়ি পাল্লা বিজয় হবে,
"সবাই নাহিদ ভাইকেই দেয়া উচিৎ,,, বিএনপি আওয়ামিলীগ অনেকবার পাওয়ারে আসছে, জনগ উপর শুধু জুলুম করছে তারা,,আল্লাহ দেশের মানুষ কে হেফাজত করুক,, জালিমের হাত থেকে,,",
নাহিদ ভাই নিশ্চিত ১০০%,
,
"নতুন প্রজন্ম ভোট দিবে নাহিদ শাপলা কলি কে,,,কিন্তু পুরান আমলের মানুস ভোট দিবে ধানের শীষ",
কাইয়ুম জিতবে,
শাপলা কলি,
শাপলাকলি,
এবার প্রথম ভোট ধানের শীষেই দেবো ইনশাআল্লাহ।,
মোবাইলে কল দিয়ে ভোট চাচ্ছে এর মানে বুজতে হবে নির্বাচনে অবৈধ ভাবে টাকা করতেছে,
ইত্তেফাক গুটিকয়েক জামায়াত নিয়ে ভোটের জরিপ করে জনগণকে বিভ্রান্ত করার চেষ্টা করতেছে...!! আশাকরি আগামী ১২/০২/২০২৬ইং তাদের এই ভাঁওতাবাজির মুখোশ উন্মোচন হবে ইনশাআল্লাহ।,
কতো পন্ডিত এখনও বলে নাহিদরে নাকি ঢাকা ১১ র অর্ধেক মানুষও চিনে না,
"মানুষকে টাকা দিয়ে যোর যবদস্তি করে কেনা যাইনা,,ব্যাবহার এবং ভালোবাসায় মুগ্ধ হয়ে যাই",
আর কিছি লোক ধরে নিয়ে কথা বলেন,
ধানের শীষের বিজয় ইনশাআল্লাহ,
ময়লা কোথায় ফালাতে হবে সেটাই জানেনা- ভোটের ভালো জায়গা খুঁজে পাবে কি করে!,
নাহিদ ভাইয়ের বিজয় হবেই ইনশাআল্লাহ,
আমার হাতপাখার কথা কেউ কয় না কে,
শাফলা কলি,
বিজয় নিশ্চিত নাহিদ ভাই,
দল নয় এক জন সৎ এবং যোগ্য ব্যাক্তি কে ভোট দিন ইন শাহ আল্লাহ্।,
শাপলা কলি নাহিদ কে,
সুন্দর প্রতিবেদন প্রকাশ।,
ইনকিলাব জিন্দাবাদ,
কাকি চাঁদাবাজির কথা বইলা বিএনপির পোন মারি দিছে,
সাড়া বাংলাদেশ জাতীয়তাবাদী সন্ত্রাসী সংগঠন মানুকে ভয় দেখিয়ে ভোট সেন্টারে না যাওয়ার জন্য । গেলে হত্যার করা হবে এখনি সময় রুখে দিতে হবে,
ইত্তেফাক জামাতি মাল,
কার সাথে কিসের তুলনা।কই কাইউম ভাই আরও কই গোপালভার,
বাড্ডা নতুনবাজারসহ সর্বত্র কাইউমের যে চাদার মহরা চলে এর থেকে রক্ষা পেতে শাপলাকলির বিকল্প নাই,
এসব লোক ধরে নিয়ে কথা বলতেছে আমরা জানি । বাড্ডাতে বিএনপি বেশী যখন সিটি কর্পোরেশন নির্বাচন হয়েছে তখন ও দেখছি ।,
ধানের শীষ,
"যত যাই বলো,বিজয় এবার দাঁড়িপাল্লার,",
বিএনপির বিকল্প নেই ঠিক বলেছেন।,
ধানের শীষ,
"এম এ কাইয়ুম ভাই, ধানের শীষ ইনশাআল্লাহ !",
দল মত ধর্ম বর্ণ নির্বিশেষে - ভোট দিবো সবাই ধানের শীষে,
নাহিদ ইসলাম জিতবে ইনশাআল্লাহ,
ভোটের দিনেই বুঝতে পারবে নাহিদ তার জামানত নিয়ে বাসায় যেতে পারবে না,
ইনশাআল্লাহ শাপলা কলি,
ফেসবুকের জড়িপে জিতে গেছে শাপলা কলি,
ধানের শীষ,
ধানের শীষ,
গোপাল ভাড় নাহিদ বিপুল ভোটে পরাজিত হবে,
ধানের শীষ,
নাহিদ তো রাজাকার দের দলে যোগ দিছে,
ধানের শীষ,
ধানের শীষ,
নাহিদ তো রাজাকার দের দলে যোগ দিছে,
নাহিদ ভাই পাশ করুক এটা মনেপ্রাণে চাই,
ঢাকার মানুষের কৃতজ্ঞতা,
কায়ুম ভাই বিএনপি,
মাশাআল্লাহ জাযাকাল্লাহ খায়ের,
ঢাকা নয় হাবিব ভাই,
বদ্দা কিন্তু ডাকসুতেও ছাত্রদলকে জিতাইছিলেন,
থাকবো সবাই মিলে মিশে ভোট দিবো ধানের শীষে,
দুই পক্ষেই দেখি চরম চাপাবাজি চলতেছে। বিএনপি যদিও জিতে ১৬০/১৬৫ এর বেশি পাবেনা। তবে বিএনপি এইবার জিতার সম্ভাবনা কম।,
জামাত এগারো দলীয় জোট 150 + পাবে।,
কমেন্ট দেখলে বুঝা যায় জামাত কোন লেভেলের বট তৈরি করে রাখছে...!!!,
এই তথাকথিত বুদ্ধিজীবিদের অতিরিক্ত আত্নবিশ্বাসই হয়তো বিএনপিকে ডুবাতে যথেষ্ট।,
"এইসব পেইড দালালরা ছাড়া কেউই বলছেনা বিএনপি ক্ষমতায় আসবে।যদি নির্বাচন সুষ্ঠ হয় বিএনপি সর্বোচ্চ একশ সিট পাবে,পরে মিলিয়ে নিবেন।",
বুদ্ধিজীবি ১২ কোটি ভোটারের মনের খবর জানে,
উনি ঢাকায় বসে ডাকসু নির্বাচনে ফতুয়া দিয়েছিল সেদিক থেকে বুঝেছি হেতার মাথায় কিছুই নাই,
ইনার মুখে কয়েকদিন আগে শুনলাম বিএনপি ২৫০+ আসন পাবে আজকে শুনি ২০০+,
সস্তা বুদ্ধিজীবী!,
রুমিন আপার প্রেডিকশনটা যদি একটু করে দিতেন!!,
জাহিদ ভাইয়ের মুখ বন্ধ করার জন্যই মানুষ জামাতকে ভোট দেবে,
"জামাতের ইশতিহারে ইসলামকে নৈতিকতা, দায়িত্বশীলতা ও মানবকল্যাণের দর্শন হিসেবে তুলে ধরা হয়েছে। শরিয়াহ বলতে শুধু দণ্ডবিধি নয়; বরং ন্যায়বিচার, দুর্নীতিমুক্ত শাসন, মানবিক মর্যাদা, সামাজিক নিরাপত্তা ও জবাবদিহিকে অগ্রাধিকার দেওয়া হয়েছে",
"এই যদি বিনপি বুদ্ধিজীবির অবস্থা হয়, এই দল বেশি দুর যাবে না।",
ডাকসুর মত হবে ইনশাআল্লাহ।,
পাগলা পানি খাইছে,
"বহু বছর আওয়ামী লীগ সরকার দেখেছি , বহু বছর বিএনপি সরকার দেখেছি , একবার জামাত সরকার দেখতে চাই ।",
আগে থেকে রাস্তা তৈরি,
"জনগন বিএনপির মিছিল মিটিংয়ে যায়। কিন্তু, ভোট দিবে বলতেছে দাঁড়িপাল্লায়",
তোর কথা যেন সত্যি হয় যেমন সত্যি হয়েছিল ডাকসু নির্বাচনে,
ছাপরি,
জেন ঝি ৪ কোটি ভোটার ইনসাফ কে ভোট দিবে।,
বস্তাপচা বুদ্ধিজীবী!,
কাচা গান্জা খাইছে।,
ভদ্রলোকের বক্তব্য আগে দেখতাম। কিন্তু ইদানীং ওনার কথাবার্তা তৃতীয় শ্রেণীর ব্যক্তিবর্গের থেকেও নিকৃষ্ট মানের।,
কিসের বুদ্ধিজীবি ওনার মাথায় তো কুত্তার গু বরা,
ওগুলো ভারতের মাল ও বুঝতে পারছে জামাত ক্ষমতায় আসলে আমার টকশোতে আর ভ্যালু থাকবে না এই জন্যই এগুলো বলতেছে।,
"বিএনপি জিতবে না ওকে ফাইন, তাহলে জামাতের আমিরকে প্রশ্ন করেন কেনো বিএনপির সাথে জাতীয় সরকার গঠন করতে চাচ্ছে?? জামাতের দল কানা সমর্থকদের বলছি?",
বাটপার,
হাসের খবর কি দালাল,
বিএনপি ২০০ আসন ক্রস করবেই ফেইল করে ২২৫ জামায়াতে ইসলাম ৭৫ বিএনপি।Loud & Clear,
মহা পন্ডিত যে ডাকসুর প্রেডিকশন করলো তাতে তো বিএনপি গো হারা হারল,
এই ছাগল তুই মনে করলেই কি আর না করলেই কি তুই ওখানে বসে সারাদেশের জনগণের মনে কি আছে তুই জানোস পাগল ছাগল সব টকশোতে ধরে নিয়ে আসে ভিউ বাড়ানোর জন্য,
জাহেদ় ভাই সঠিক বলছেন,
এদের কে কেন অনুষ্ঠানে আনেন এরা বিএনপি পন্থী,
তোমার মুখের কথা মুখেই থেকে যাবে তোমার ধারণা নাই এসব তেল মারা কথা,
আলহামদুলিল্লাহ দাঁড়িপাল্লা,
ইনশাআল্লাহ বি এন পি সরকার গঠন করবে,
উনি এই সমস্ত চিন্তায় বেশি ছিল।,
তুমি কেন মনে করবা তুমি খাইচো না আরো খাওয়ার অপেক্ষায় আছো না ?,
তুমি কি বুদ্ধিজীবী,
ইনশাআল্লাহ,
এই লোক সেই লোক না ঢাকা বিশ্ববিদ্যালয় জিতিয়েছিল কোন দলকে যেন,
জাহিদ ভাইয়ের ধারণা উল্টে যাওয়া অসম্ভব না। সুষ্ঠ সুন্দর শান্তিপূর্ণ নির্বেজাল নিরপেক্ষ নির্বাচন চাই যেই পাশ করুক।,
এই পরজীবী ডাকসু নির্বাচনের আগেও এরকম প্রেডিকশন করেছিল,
আওয়ামীলীগ জামাতকে ভোট দিবে এটা ভাবা দিবা সপ্ন।,
সময় আসতে দেন দেখেন,
বরদা কিন্তু এক চামচ বেশি বুঝে,
ওকে চিনেছি দালাল একটা আগে গোঁড়ার খবর নে পরে সিদ্ধান্ত কর,
এই বিশেষজ্ঞর কথা যদি সত্যি না হয় তারে সবাই ডাস্টবিনের মধ্যে ফালাইয়া ময়লা খাওয়াইতে হইবো,
"বলদা,, সমিকরন করতে জানেনা",
এই বলদ যার পক্ষ নেই সেই হারে,
সালার কানে কখন যে তাপড়াবো,
ঠিক বলছেন জামাত দালাল কিনতে পারেনাই। বিএনপি মিডিয়া আর দালালদের এক করতে পারছে তাই ভোটের আগেই বলে দিচছে বিএনপি২০০ বেশি ছিট বাবে।,
জামাত জিতে গেলে দেশে মাদকের চোরাচালান বন্ধ হয়ে গেলে এদের কি হবে জামাতের কাছে অনুরোধ তারা যাতে দেশে ফ্রিতে মাদক নিরাময় সেবা দেয় নাহলে এত এত লোকের কি হবে,
তুই মনে করলে কি না করলে কি আমরা জনগোন মনে করলে হই,
আর কিছু দিন গেলে জাহেদ ১৫০ বলতো।,
বাংলাদেশের সব ভোটে গ্রেট মাদারবোর্ডে দিব। যার জন্যই তো ভোটকেন্দ্র থেকে ৪০০ মিটার দূরে মোবাইল নেওয়া যাবে না। যদি মোবাইল নেওয়া যায় তাহলে তো টু থার্ড মেজরিটি হবে না,
এইবার মুখের কথা কাজে লেগে গেছে,
কাঁচা পাতা খেয়ে আসছে,
এই হালা যা বলে সব ভূয়া,
মনে হয় অনেক খেয়েছে।,
এই লোক চামচামি করে কিছু একটা করতে হতে চায় বিএনপি সরকারে আসলে,
ইসলাম থাক বা না থাক সেটা বড় ব্যাপার না ব্যাপারটা হচ্ছে তারা সৎ আপনাদের মত অসৎ না সেই জন্যই সেখানে ভোট দেয়া উচিত,
ঘেটু জাহিদ এভাবেই কথা বলে আন্দাজে,
"বরং আমি তো মনে করি আপনি উল্টা হাইপ তৈরি করার চেষ্টা করছেন যে, বিএনপি ২০০ এর বেশি সিট পাবে।",
জাহেদ সাব কথা কেমন যেন গালে বেজে যাচ্ছে।,
"প্রতিহিংসার রাজনীতি বিএনপি করেন না' যে রাজনীতি দল স্বপ্ন দেখছে, জনগণ ঘাটে নিয়ে তরী ডুবানেন।",
"দালাল মিডিয়া টাকার কাছে বিক্রি হয়ে গেছে কিন্তু বিএনপির অনুকুলে সবাই সাবধান, এটা প্লানের অংশ, সব মিডিয়াই জামাতের বিরুদ্ধে নিউজ করতাছে।",
বাহ্: বিনা মূলধনে ধনী হওয়ার নিনজা টেকনিক।,
কি পরিমান চাটাচাটি শুরু করছে মিডিয়া,
"ন্যায় ও ইনসাফভিত্তিক সমাজ গঠন করা জরুরি,এই প্রজন্ম অনেক নষ্ট হয়ে গেছে,হে তরুণ , যদি পরবর্তী প্রজন্মেকে ভালো কিছু উপহার দিতে চাও তাহলে তোমার ভোট ভেবে দাও।",
"আসন্ন নির্বাচনে আপনার একটি ভোট কেবল একটি সিল নয়, বরং এটি একটি আগামীর অঙ্গীকার। আমরা ভোট দেবো বাংলাদেশের পক্ষে, আমরা ভোট দেবো জুলাইয়ের বিপ্লবের চেতনাকে ধারণ করে। ইনসাফ ভিত্তিক সমাজ গড়তে সততা আর ঐক্যের কোনো বিকল্প নেই।",
"ধান লাগা, চান্দা উঠা।",
"বার বার প্রমাণিত চাদাবাজ, দুর্নীতিবাজ, লুটপাট, দখলদাদের বয়কট করুন। এদের হাত থেকে দেশকে বাচান।",
৬০% বিএনপি প্রার্থী ঋণখেলাপী চোর এদের দায় সাধারণ জনগণ কি নিবে?,
ইনশাআল্লাহ বিএনপি,
ইনশাআল্লাহ জয় নিশ্চিত,
ইনশা আল্লাহ,
মাশাআল্লাহ আলহামদুলিল্লাহ,
"নৌকা, ধানের শীষ, লাঙ্গল দেখা শেষ দাঁড়িপাল্লা এবার গড়বে বাংলাদেশ ",
"শান্তিপূর্ণ, নিরপেক্ষ ভোট হলে গণতন্ত্রের সূচনা হবে: তারেক রহমান",
গণতন্ত্র পক্ষে ধানের শীষে ভোট দিয়ে আমরা গর্বিত,
ভোট দিয়েছি স্যার। ইনশাআল্লাহ আপনি আমাদের দেশের মানুষের প্রত্যাশার প্রধানমন্ত্রী হবেন,
"একবার মনে হচ্ছে বিএনপি জিতবে, আবার মনে হচ্ছে জামাত জিতবে। আম্লীগের সময় এই টেনশন করতে হতো না, আমরা জানতাম কে জিতবে। আগেই ভালো ছিলাম।",
ইনশাআল্লাহ জয় আমাদেরই হবে,
"আমি বললাম, প্রয়োজনে লিখে রাখেন জামায়াত সরকার গঠন করবে। যদি ভোট সুষ্ঠু হয়। ইনশাআল্লাহ",
ভোটের ফলাফল যদি দেরি করে ঘোষণা হয় তাহলে কি জাতি মেনে নেবে কি নেবে না,
আমাদের এলাকার জামাত পাস হয়েছে দাঁড়িপাল্লা,
ইনসাহা আললাহ মাঠে শিবীর বুলেটেট মত কাজ করবে কেউ সাহস করবে না এবার,
ইনশাআল্লাহ জিতবে,
নির্বাচন ঘিরে বিএনপি সারা দেশে কি পরিমান অরাজকতা করতেছে সেটা কি আপনার অনুমতিতে?,
লন্ডন ফেরত চাই না যাদের নেতা বলে হ্যা ভোট কর্মী বলে না ভোট,
আমার বয়সে আমি প্রথম ভোট দিতে চাইছিলাম দিতে পারলাম না অনেক কষ্ট পাইলাম,
বিপুল ভোটে ধরনের শীষ,
ইনশাল্লাহ এম এমাপাটি জামায়াত ইসলামী বাংলাদেশ জিন্দাবাদ নারে তাকবীর আল্লাহু আকবার এম এমাপাটি জামায়াত ইসলামী,
ইনশাআল্লাহ জয় খুব নিকটে,
অনেক ইচ্ছা ছিল একটা ধানের শীষে ভোট দিব,
তরুণ্যের প্রথম ভোট ধানের শীষের পক্ষে হোক।,
জয় বাংলা_জিতবে এইবার ধানের শীষ_দাঁড়িপাল্লায় ভোট দিস,
যৌবন এর প্রথম ভোট ইসলামী কেন দলের দিবে ইনশাআল্লাহ,
৭০% বললেও এটা সামনের কয়েক সপ্তাহে ৮০% হয়ে যাবে।,
ধানের শীষের ভোটার যারা জয়ের মালা পর্বে তারা ধানের শীর্ষে ভোটার যারা করবে তারা,
তাহলে আর বিনাকরণে ভোট করার দরকার কি?,
ইনশাআল্লাহ দাঁড়িপাল্লার বিজয়ী হবে,
ইনশাআল্লাহ বিএনপি সরকার গঠন করবে,
নৌকা আর ধানের শীষ দুই সাপের একই বিষ,
"জামায়াতে ইসলাম,ছাত্র শিবির সরকারের দায়িত্ব পেলে ইনশাল্লাহ দাঁড়িপাল্লা সব দুর্নীতি জিরো টলারেন্স করবে।",
রিপোর্টের ভেতরে খাম্বার কথা দেখে আরও গর্ব অনুভব করলাম। খাম্বার খ্যাতি বিশ্বজুড়ে ছড়িয়ে গেছে। আলহামদুলিল্লাহ। জিতবে এবার ধানের শীষ,
প্ল্যান প্ল্যান কইরা লাগাইলি তো মারামারি খুনাখুনি জাতি প্ল্যান দেখতাছে লগে ভবিষ্যৎও দেখতেছে,
টাইম তারেক রহমান কে খাম্বা মেনশন করলো কেন,
"তারেকের অনেক গুণ, ইলেকশনে মানুষ খু' ন",
টাইম তারেক রহমান কে খাম্বা মেনশন করলো কেন,
সন্ত্রাসী তারেকের বিচার চাই,
খাম্বা বলে কি বুঝাইলো রে ভাই ওইটা যে বল্লি না,
"খাম্বা, ‌,,,, ‌,,,,,,,,,,,,,,, আমার লিটার। দুরনিতিতে তিন বারের চেম্পিয়ন",
"একদা এক বালক স্বপ্নে নায়িকা কে নিয়ে স্বপ্ন দেখেছে, সকালে উঠে দেখে তার স্বপ্নদোষ হয়েছে। এই স্বপ্নদোষের কারণ কি নায়িকার নাকি ছেলেটার। BNP ও ঐরকম স্বপ্নদোষের স্বপ্ন দেখছে।",
"ভাই সিরিয়াসলি এটা শেয়ার দিয়েছে। নিচের দিকে তারেক রহমানকে নিয়ে যে পরিমাণ বাজে মন্তব্য করেছেন তারপরও এটা শেয়ার দিল। অন্তত একটু ইংরেজি ট্রান্সলেট করা শেখো ,কারা চালায় এসব পেজ। তারেক রহমানের অতীতের অপকর্ম নিয়ে লিখেছে এই নিউজ চ্যানেলটা তারা আবার এটা শেয়ার দিয়েছে।",
"লাখো কণ্ঠ, এক স্বপ্ন—ন্যায়ভিত্তিক বাংলাদেশ। ❝ভোট দিবো কিসে— ধানের শীষে।❞",
"বিএনপি হেরে গেলে হেরে যাবে বাংলাদেশ ❤️প্রজন্ম থেকে প্রজন্ম ধানের শীষ থাকবে🤲 দলে দলে যোগ দিন ধানের শীষে ভোট দিন

",
আপনারা আগে বলেছেন জামায়াতে ইসলামী ৫ % আর এখন জরিপে আসছে ১৯ % এইভাবে বারতে থাকলে ইনশাআল্লাহ জামায়াত ইসলামি ১০০% হতে বেশি দিন লাগবে না।,
টাইম ম্যাগাজিন লিডারভকে খাম্বা বল্ল কেন বুঝলাম্না,
লেতা কি হরবেন মনে হয়। চিন্তায় কি বিচি কান্দে না কি।,
সকল জনগণের সমর্থন নিয়ে জনাব তারেক রহমান এগিয়ে যাবে ।সকল ষড়যন্ত্র চক্রান্ত প্রতিহত করে বিএনপি সফলতায় পৌঁছাবে। ধানের শীষ মার্কা জিন্দাবাদ। ইনশাল্লাহ।,
"চাঁদাবাজি, টেন্ডারবাজি, দুর্নীতি ও মাদকমুক্ত বাংলাদেশ গড়তে জনগণের আস্থার শীর্ষে ধানের শীষ। আপনিও আপনার মূল্যবান ভোট প্রদানের মাধ্যমে ধানের শীষ কে শক্তিশালী করুন।",
"নেতা করে খাম্বা চুরি, কর্মি মারে গলায় ছুরি।",
"জেগেছে জনতা, বেঁধেছে জোট ধানের শীষে দিবে ভোট।।
",
বেটা ভন্ড চাঁদা বাজদের বয়কট,
ধানের শীষ জিন্দাবাদ,
খাম্বা তারেক বলছে সেটাও বলো,
টাইম ম্যাগাজিন খাম্বা না লিখে ইলেকট্রিক পুল লিখলেও পারত,
ফ্যামিলি কার্ডের পাশাপাশি একটা কাফন কার্ড ও দিয়েন,
"বিম্পি এভাবেই অনলাইনে জিতে। সারা দেশে চাঁদাবাজি খুনখারাপি, লীগের মতো ডায়লগ মেরে বলে যে তারা নাকি জিতবে। বারো তারিখ পর্যন্ত অপেক্ষা করো তখন ফলাফল দেখবা",
,
"সব জায়গায় জামাতের প্রিজাইডিং অফিসার নিয়োগ হইছে।যারা ইতিমধ্যে কোন দিন ডিউটি করে নাই, গেষ্ট টিচার দিয়ে প্রিজাইডিং অফিসার নিয়োগ হইছে, অন্যদিকে অনেক মাধ্যমিক বিদ্যালয়ের প্রধান শিক্ষক ও দায়িত্ব পাই নাই।কোন স্কুলে প্রধান শিক্ষক কে বাদ দিয়ে জামায়াত নেতা হিসাবে পরিচিত সহকারী প্রধান শিক্ষক কে প্রিজাইডিং অফিসার নিয়োগ দিছে।",
"ভোটকেন্দ্রে যান,নিজের সিদ্ধান্ত নিজে নিন। ধানের শীষ প্রতীকে ভোট দিন।",
টাইমস তো খাম্বা তারেক ও মেনশন করলো সেটাও কি বিশ্বাস করো নাকি?একাংশ নিবা একাংশ নিবানা তা ত হয়না সোনা বন্ধু।,
"হাসিনার রেখে যাওয়া কাজ গুলো করা জন্য দেশে আসছে ১৭ বছর পালিয়ে থাকা নেত
",
হে দেশবাসী আগামী ১২ তারিখ বিএনপি নামে দল কে আওয়ামীলীগ এর মত করে লন্ডনের পথে পাঠানোর সিদ্ধান্ত এখন আপনার আমার সবার,
★ভোট দিবো কিসে★ধানের শীষে★,
নির্বাচনকে ঘিরে প্লেয়াররা প্রস্তুত— আসলেই কি ভোট হবে?,
তারেক রহমান,
ইনশাআল্লাহ,
"তারেক জিয়া কে যে ভাবে মানুষ এই দেশে বরন করে নিয়েছে,এক দিন জয় কেউ এই মাটিতে বরন করে নিবে।শুধু সময় এর ব্যাপার।",
তারেক রহমানের জিন্দাবাদ বাংলাদেশ জাতীয়তাবাদী দল বিএনপি জিন্দাবাদ,
আলহামদুলিল্লাহ ফি আমানিল্লাহ অভিনন্দন,
আমার প্রানের বাংলাদেশে বিএনপি ছিল বিএনপি আগামীতেও থাকবে ইনশাআল্লাহ,
"শান্তিপূর্ণ, নিরপেক্ষ ভোট হলে গণতন্ত্রের সূচনা হবে: তারেক রহমান",
"আমরা কোন সাহেব চাই না, সেবক চাই।",
আলহামদুলিল্লাহ,
আমরা সবাই চাই ভালো কিছু ধর্ম বর্ণ নির্বিশেষে আমরা সবাই একসাথে মহান আল্লাহ আমাদের সহায় হোন আমরা সবাই দোয়া করি আল্লাহর কাছে,
বারো তারিখ সারা দিন ধামের শিশে ভোট দিয়ে,
বাংলাদেশ জিন্দাবাদ জাতীয়তাবাদী দল জিন্দাবাদ,
হাঙ্গামা সৃষ্টিকারীরা ভোটার বিমুখ পরিবেশ তৈরি করে নির্বাচনকে বিতর্কিত করতে চাচ্ছে। অবিলম্বে নিজ নিজ দলের পক্ষ থেকে এদের চিহ্নিত করে আইনের হাতে সোপর্দ করুন। এরা দলের এবং দেশের শত্রু..,
আরে জামাতে চুরি করি ব্যালট নিয়া মারি রাখের যে সেটা নিয়া আপনাদের কর্মীদের সচেতন থাকতে বলে পোস্ট দেন। প্রতিরোধ করতে বলেন। নয়তো হাতছাড়া হইব,
"ইনশাআল্লাহ ধানের শীষের হবে জয়,,আশা করি তারেক রহমান আমাদের প্রধানমন্ত্রী হবে",
বট বাইনি যেন না ঢুকতে পারে এখানে সবাই চোখ রাখবেন,
দাড়ি পাল্লা না রিকশা না ধানের শীষ বিজয় হবে,
ভরাসাগরের পানীয় কেউ খেতে পারে না বড় পাহাড়েও কেউ বসবাস করতে পারে না বড় তোলো কারো উপকার করতে পারে না,
"বর্তমান ইসিও বিচি ছাড়া ইসি।আওয়ামী লীগ,বিএনপি ও ভারত সহযোগে গভীর ষড়যন্ত্র চলছে। দেশব্যাপী দাঁড়িপাল্লায় যে গনজোয়ার ভোট সুষ্ঠ না হলে নিজ ভোট সেন্টারে ভোট গ্রহন অনিয়ম হলে ইসির খুলে নিতে হবে।",
বিভিন্ন দেশে মানুষ প্রয়োজন হয় না শুধু ক্যামেরা দিয়ে নিয়ন্ত্রণ করতে পারে,
"রাইট,দাড়িপাল্লার জয়দেখে এরকম করে।",
ধানের শিসে ভোট দিন,
জয় হোক জনতার বিএনপি জিন্দাবাদ।,
লিডার আপনাকে অনেক ধন্যবাদ আপনার পরিকল্পনা গুলো যেন বাস্তবায়ন হয়,
সবার আগে বাংলাদেশ,
ফরিদপুর সদর ত আসনের নীতি,
"যিনি কুরআন তেলাওয়াত করেছেন, একজন আলেম মানুষ তার জন্য কি একটা চেয়ার হয় না, তাকে একটি চেয়ারে বসিয়ে দেয়া হোক।",
জুলাই সনদ আস‌লে কি?,
"হ‌্যাঁ ভোট বা না ভোট, কোনটা দেয়া উ‌চিত?",
"অভিনন্দন, চমৎকার এবং সময়োপযোগী একটি ইশতেহার দেয়ার জন্য।",
ইনশাআল্লাহ বিএনপি বিজয় হবে,
ধানের শীর্ষ ধানের শীর্ষ,
সবার আগে বাংলাদেশ,
কারণ ওরা বুঝে গেছে এখন জনগণ কোন পথে,
,
কথা টা রাইট,
ঠিক আছে,
হাতপাখা জিন্দাবাদ,
,
ঠিক বলেছেন ম্যাডাম ধন্যবাদ আপনাকে ঠিক বলেছেন,
তরুণ প্রজন্মের প্রথম ভোট ধানের শীষের,
পক্ষে হোক,
"চাঁদাবাজি দুর্নীতি নৈরাজ্য ঘুষ সন্ত্রাসের মুক্ত হোক, ইনসাফের বাংলাদেশ যুক্ত হোক। ইনক্লাব জিন্দাবাদ।",
ইন্সাআল্লাহ জিতবে ধানের শীষ। স্বাধীনতাবিরোধী রাজনৈতিক দল নিপাত যাক।,
ইনশাআল্লাহ দাঁড়িপাল্লার জয় নিশ্চিত,
তারুণ্যের প্রথম ভোট ইনসাফের পক্ষে হোক হঠাও চাঁদাবাজ বাচাও দেশ দাড়িপাল্লার বাংলাদেশ,
এটা বিএনপির জন্যই মানায়,
ভয় কাজ করছে,
হারলেই বলবে নির্বাচন সুষ্ঠ হয়নি জিতলে বলবে নির্বাচন সুষ্ঠ হয়েছে,
বিএনপি নেতাকর্মী এবং পুলিং এজেন্ট গুলি আরো কঠোর নজরদারি থাকতে হবে সারাদেশে ভোট জালিয়াতি টাকা ছড়াছড়ি হচ্ছে।,
"""১২ তারিখ, সারাদিন ধানের শীষে ভোট দিন। ইনশাআল্লাহ, আমাদের জয় হবে!",
বিএনপি ভালো করেই জানেন নির্বাচন সুষ্ঠু হবে এবং তারা হারবে এজন্য তারা উল্টাপাল্টা কথা বলতেছে।,
ধানের শীষের জয় হবেই ইনশাআল্লাহ,
ইনশাআল্লাহ ধানের শীষের বিজয় হবেই হবে।,
এখন পর্যন্ত সংবাদ মাধ্যম গুলোর মধ্যে যা দেখতে পেলাম সবচেয়ে বেশি বিএনপির নেতাকর কর্মীরা সবচেয়ে বেশি অ্যারেস্ট হয়েছে অস্ত্র নিয়ে,
"বাগেরহাট, ১আসনে কফিলকৃষ্ণ মন্ডল বিকল্প নেই",
তারেক রহমান জিন্দাবাদ,
মগবাজারে আগুন লাগিয়ে দিয়েছেন লিডার,
বাগেরহাট ৩ লায়ন ডক্টর শেখ ফরিদুল ইসলাম,
ধন্যবাদ ভাইয়া,
ধানের শীস,
জয়বালা,
রাইট কথা বলছো,
ধন্যবাদ ধন্যবাদ,
মাগুরা জেলা,
দেখা হবে বিজয়ে,
ইনশাআল্লাহ ধানের শীষের বিজয়ী হবে,
জামায়াত বয়কট,
বাংলাদেশের জনগণ,
খুলনা বিভাগের পক্ষ থেকে আপনাকে জানাই স্বাগতম প্রিয় লিডার জনাব তারেক রহমান,
কাতার প্রবাসী সিরাজগঞ্জ এর ছেলে,
বিএনপি,
ইনশা আল্লাহ ধানের শীস,
ধানের শীষ,
"ভোটকেন্দ্রে যাবো, মোবাইল নিয়েই যাবো। দাঁড়িপাল্লায়, ভোট দিবো সেলফি তুলে সেলিব্রেট করবো। ভোট হবে উৎসব ইনশাআল্লাহ।",
চুরি করার সুযোগ দিলে নাকি সুষ্ঠু নিরপেক্ষ নির্বাচন হয়। মনের কথা বিএনপির,
মা মেনে উপায় নাইরে পাগলা,
"সারা বাংলা হয়েছে জোট, নৌকা ছাড়া কিসের ভোট।",
এসেছে জোয়ার এসেছে ঢেউ ধানের শীষের  বিজয় ঠেকাতে পারবে না কেউ,
বিএনপির মহাসচিব নির্যাত ফখরুল ইসলাম আলমগীর আগাম কথা একটু কমায় বলেন,
বিএনপি একটা আদর্শিক গণতান্ত্রিক দল তাদের উদারত মন আছে দেশ জাতির স্বার্থে বিএনপি যে কোন জিনিস মেনে নেয় এটাকে বলে,
"এই নির্বাচলে বি এন পিই জিতবে, তবে অনেক কষ্ট হবে,",
বাংলাদেশ জাতীয়বাদী দল এমন একটা দল যে কোন কিছু মেনে নেওয়ার জন্য প্রস্তুতি থাকে ইনশাল্লাহ বাংলার জনগণ যদি মেনে নেয় বাংলাদেশ জাতীয়বাদী দল মেনে নিবে ইনশাআল্লাহ যেকোন ফলাফল,
ইনশাআল্লাহ তারুণ্যের প্রথম ভোট ধানের শীষের পক্ষে হোক,
ইনশাআল্লাহ ধানের শীষ,
ধানের শীষ,
ধানের শীষ,
ইনশাআল্লাহ,
ইনশাআল্লাহ,
"বিজয় আমাদের হবে,,টেকনাফ থেকে তেঁতুলিয়া সমতল থেকে পাহাড়,  মার্কা মোদের একটাই ধানের শীষ দিবো ভোট ধানের শীষে, গড়বো দেশ মিলেমিশে",
,
ইনশাআল্লাহ বিএনপি,
"নির্বাচন সুস্থ না হলে কারচুপি হলে নির্বাচন মেনে নিবে না জনগণ,",
"আগামীকাল রাতে বাংলাদেশে রাতে গরু ছাগলের হাট বসবে, উক্ত গরু ছাগলরা গলায় দড়ি পড়ে রেডি থাকবেন",
ইনশাআল্লাহ যাবে দাড়িপাল্লা কেউ ঠেকাতে পারবেনা,
,
বিএনপি সরকার গঠন করবে ইনশাআল্লাহ,
হেরে গেলে বলবে নির্বাচন সুষ্ঠু হয়নি,
,
ভয় কাজ করছে কলিজার ভেতরে .!!,
অথচ জামায়াত আগ থেকেই সুতা ধরার পায়তারা খুঁজতেছে একটু আগে বলছে তাঁরা মানবে না,
,
সাজানো নাটক মঞ্চস্থ হচ্ছে সেরকম মনে হচ্ছে একটি মেয়ে বলতেছে শিখিয়ে দেওয়া কথা মনে হলো।,
"বই, এন, পি, এবার জিতবে ইনশাল্লাহ",
ইনশাল্লাহ জয় হবে ধানের শীষের জয় হবে,
জনাব তারেক রহমান এর হাত ধরে বাংলাদেশ এগিয়ে যাবে,
"চাঁ দা বা জি র টাকা দিয়ে বস্তির মানুষকে বাসস্থান করে দেওয়ার আশ্বা'স দিচ্ছে, সে নিজেঔ চলে চাঁ দা র টাকা দিয়ে, আবার মানুষকে দেওয়ার প্রতিশ্রুতি দিচ্ছে",
"এই তো জিয়ার ছেলে,,,অল্পতেই সাধারণ মানুষের সাথে মিশে যান,,",
দেখা যাক কি হয়,
In sha allah,
বট বাহিনীর বেহেস্তের টিকিট শেষ হয়ে যাচ্ছে।,
২০০১-২০০৬ পর্যন্ত অসীম দুর্নীতি ভুলে নাই জাতি,
বিএনপি,
রাজনৈতিক মুক্ত পেইজ স্বাগতম আপনাকে,
ইনশাআল্লাহ বিজয় সুনিশ্চিত,
ধানের শীষ,
ধানের শীর্ষ,
ইনশাআল্লাহ দাঁড়িপাল্লা,
আহা তেল,
ইনশাআল্লাহ।,
বি এন পির বিজয় হবে ইনশাআল্লাহ,
Utite jader dorniti paoajaynay taderke kumuta deoa durkar,
আসসালামু আলাইকুম,
অসাধারণ,
চান্দা,
Alhamdulillah,
"প্রিয় লিডার , রংপুরের প্রতিটি আসন ইনশাআল্লাহ আমরা আপনাকে উপহার দিবো",
নিরাপত্তার কথা বলোনা,
আহ কমেডিতে সেরা রেহ,
আলহামদুলিল্লাহ,
এগুলি মিটিং মিছিল করার আগে নেতাকর্মীরা যেভাবে চাঁদাবাজি করতেছে খেয়াল করেন বন্ধ করেন বন্ধ করেন তাহলে সবই হবে,
ফ্যামিলি কার্ড দিয়ে কোন লাভ নাই,
মানুষকে কর্মসংস্থানের ব্যবস্থা করেন,
আমরা চাই কর্মসংস্থান হোক,
কারো করুণা বা কারো সাহায্য না,
বেকারত্ব দূর করেন,
আপনি ফ্যামিলি কার্ড,
কৃষক কার্ড,
এগুলি বন্ধ করে আপনি বেকারত্ব বন্ধ করার ক্ষেত্রে কর্মের ব্যবস্থা করুন,
মানুষ বুঝে গেছে বুঝছেন মানুষ এখন মানুষের জীবনে নিরাপত্তা চায়,
আমি চাই আমি যেন ভালোভাবে চলতে পারি আমার ফ্যামিলিকে নিয়ে আমার ফ্যামিলি কার দরকার নাই,
ধরে নেন বিএনপি পাস করল না,
তাহলে কি আমরা ফ্যামিলি কার্ড পাব না,
আমি তো ভেবেছিলাম সরকারি না জিতলেও ফ্যামিলি কার্ড দেওয়া হবে,
একবেলা বাজার করলে ২ হাজার টাকা লেগে যায়,
যেই শহরে চাঁদাবাজদের জন্য আমাদের জীবনের নিরাপত্তা নাই,
আপনারা এই বিষয়ে একটু কথা বলেন,
বিএনপি কমাতে গেলে একটিও চাঁদাবাজ থাকবে না,
এইটার প্রতিশ্রুতি দেন,
চাঁদাবাজির অভিজ্ঞতাও নাই অন্যদের,
mohammadpur er tokai,
বিএনপি ৫ বছর সময় পেলে,
পরিকল্পনা হলো বৃহত্তর চান্দা বাজি।,
খাম্বা প্রজেক্ট এর মালিক,
এসো নবীন দলে দলে,
যোগ দাও চাঁদাবাজির দলে।,
ইনশাআল্লাহ জয় জামাতেরই হবে,
ঠিকমতো বিসমিল্লাহ বলতে পারেন না শুদ্ধভাবে,
ভোট দিবো কিসেধানের শীষে,
যার নিজের নাই নিরাপত্তা,
সে দিবে দেশের নিরাপত্তা!,
দাঁড়িপাল্ল,
এই হলো বুদ্ধির দৌড়। আদমজী হতে পাশ করা কাউকে আড়াই হাজার টাকা সহযোগিতায় কি হবে ? আর সবার জন্যই এই সুবিধা উন্মুক্ত কি ফেয়ার ?,
ন্যায় ইনসাফের প্রতীক দাঁড়ি পাল্লা মার্কা,
পরিবর্তীত রাজনীতি,
জামাত হাদিয়া দল,
জামাত একটা মুনাফিকের দল।,
দাঁড়ী পাল্লা,
জিয়া দেখেছি ঠকি নাই,
বক্তব্য তো ভালই হচ্ছিল হঠাৎ ধর্ম হতে দেশ রক্ষা করার কথা বলে তো আকাম করলেন।,
তারেক রহমান জিন্দাবাদ,
"করবো কাজ, গড়বো দেশ",
আজকের ফ্রি অফার!!,
ধানের শীষের বিজয় হবেই,
"আল্লাহ ছাড় দেয়, কিন্তু ছেড়ে দেয় না",
বাটপার,
"খেলা যে চলছে কোন লেভেলে,,,",
বট বাহিনী আর জান্নাতের টিকেট এর কারনেই জামাত হারবে।,
দাঁড়িপাল্লা,
Ledar,
শরিয়া আইন মানে না অমুসলিম রা,
Leader ....,
Comment,
"জাগবে এবার চাষাভুষা, জাগবে মাঝিমাল্লা,",
"সৎ লোকের শাসন হবে, জিতবে দাঁড়িপাল্লা।",
জনাব তারেক রহমান আপনাকে অনেক অনেক ধন্যবাদ আপনার মুখ থেকে জাতি শুনতে চাইছিল হা পক্ষে ভোট চাওয়াটা আপনি বলে দিয়েছেন আপনাকে অনেক অনেক ধন্যবাদ এগিয়ে যান আপনাকে আল্লাহ মঙ্গল করুক,
"৪৭% মানুষ চায় এদেশের প্রধানমন্ত্রী হবেন জনাব তারেক রহমান, আর ২২ শতাংশ মানুষ চায় এ দেশের প্রধানমন্ত্রী হবেন ড. শফিকুর রহমান। সর্বশেষ এগিয়ে বিএনপি",
কার্ড দেওয়ার আগে ব্যাগ দেওয়ার ব্যবস্থা করেন।এতো কার্ড পকেটে রাখলে হারাইয়া ফেলবো।,
Card Party,
একশেন টু একশেন চাদা বাজের বুরুদ্ধে ডাইরেক্ট একশেন,
ইলেকট্রনিক গাছ,
ইনশাআল্লাহ দাঁড়ি পাল্লা,
খাম্বার ইতিহাস মনে পড়ে,
বিএনপি'র পক্ষে সম্ভব চাঁদাবাজি করা অন্য কারো পক্ষে না,
সবাইকে আলাদিনের একটা করে চেরাগ দিয়ে দিন।,
‘আমার একটা হাঁসও যেনো কোনো শিয়ালের বাচ্চা চুরি না করতে পারে।রুমিন ফারহানা,
https://www.facebook.com/share/r/1CuwK2yvgV/,
10 হাজার টাকা কি কেউ ঋণ নেয়????,
গুপ্ত বাহিনী এখন শুনলি,
ভারত নিয়ে কি কথা বলতে লজ্জা লাগে,
হা হা ভুয়া,
Bangladesh Donald trump,
ইনশাআল্লাহ,
মজার মজা,
অনেক সুন্দর বক্তব্য,
মাশাআল্লাহ,
Shandabaj,
চান্দা card,
ধানের শী,
লিডার,
নায়ক,
সবার আগে বাংলাদেশ তারপরে কি ইন্ডিয়া নাকি লন্ডন?,
আমি বি এন পি ভালো বাসি,
সরাসরি মাঠে দেখতেছি,
ইনশাআল্লাহ দাড়িপাল্লা,
বক্তব্য শুনে জামাতের জ্বলে,
চাপে পড়ে বলেন,
কিশোরগঞ্জ ৪ আসন থেকে দেখছি,
ইনশাআল্লাহ এবার জিতবে দাঁড়িপাল্ল,
তারেক ভাই আগামীর প্রধানমন্ত্রী,
ধানের শীষ,
"এটাকে তো আমার কোনভাবে রাজনৈতিক বক্তব্য বলে মনে হচ্ছে না যেন কোনো হকার রাস্তার মোড়ে দাঁড়িয়ে সস্তায় কোন কিছু বিক্রি করছেন এমন বলে মনে হচ্ছে ওই যে আসে না শুক্রবারে হাটে বাজারে ঠিক তেমন দেখাচ্ছে ,",
এখানে বট বাহিনী এসেছে কেনো,
বট ২০ টাকা প্লেট,
ভোরবেলা গিয়ে দাঁড়িপাল্লায় ভোট দিবেন,
যে কার্ডের মধ্যে খাম্বা থাকবে,
ধানের শীষের বিকল্প নাই,
বরগুনা জেলা থেকে বলছি,
মানুষ নাই,
পিনাক ভাই ছালাম নিন,
তারেক জিয়ার অনেক গুণ,
ইলেকশনে মানুষ খুন!,
তারেক রহমান এই ছিল আপনার প্লান??,
নেতা এখন ট্রাম্প এর ভূমিকা,
Kun jaigai aita?,
দুর্নীতির বরপুএ তারেক রহমান,
জামায়াতের খপ্পরে পড়ে সর্বস্ব হারিয়ে যাওয়ার পথে এনসিপির নেতা,
নারীদের গায়ে হাত দেন আবার লম্বা লম্বা কথা,
খালি আর কার্ড এক বয়ান,
"খাম্বা চুরির পর, নতুন চুরির আইডিয়া",
আওয়ামী লীগ ঘরে ঘরে মোবাইল ফোন দিয়েছে আর বিম্পি ক্ষমতা না গিয়ে ফ্যামেলির কার্ড বাহ বাহ বাহ বাহ বাহ,
তারেক রহমানের হাতেই নিরাপদ আমার প্রিয় বাংলাদেশ,
ইনকিলাব জিন্দাবাদ জামাতি ইসলাম জিন্দাবাদ দাঁড়িপাল্লার বিজয় নিশ্চিত,
"বেসরকারি পরামর্শক প্রতিষ্ঠানটির ‘পিপলস ইলেকশন পালস সার্ভে (পেপস)’তে দেখা যাচ্ছে, বিএনপির সমর্থন বৃদ্ধির পাশাপাশি এখন ৪৭ শতাংশের বেশি মানুষ দলটির চেয়ারম্যান তারেক রহমানের প্রধানমন্ত্রী হওয়ার সম্ভাবনা দেখছেন।",
#TariqueRahman #bnpleader #bangladeshelection,
Ins Allah Daripalla,
হ্যাঁ মানে পাকিস্তান!,
Kausar Hossain ki re vau desh neta ote gese hamaghorek dawat des ni eta kono kam!!!,
Md Samiul Ahmed Sohan ki kos!?,
কৃষককে সার চাওয়ার জন্য গুলি করে আপনারাই মেরেছিলেন,
"চাঁন্দাবাজকে না বলুন,",
পাটক্ষেতী জনতা চায় না । চোর পীর হবে পাটক্ষেতী মানুষ হবে না । আন্ধা ই রবে,
আলহামদুলিল্লাহ,
আজ পর্যন্ত জামাত শিবির এরকম একটা বক্তব্য দিতে পারেনি শুধু আছে মানুষের বিরুদ্ধে গীবত করা,
হ্যামিলিউনের বাঁশিওয়ালার নেতৃত্ব দেশে সুনামি চলছে।,
"""স্বপ্ন আছে হাজারটা, মার্কা মোদের একটা",
বিএনপি মানেই বাংলাদেশ মানুষ বুঝতে বাকি নেই,
পাগলগলচা,
চাপা বাস,
কাম্মা চোরের ঘরের কাম চুর,
"প্ল্যান, প্ল্যান, কোন প্ল্যান?",
ধরনের শীষে ভোট দিন সবার আগে বাংলাদেশ,
মির্জা আব্বাসের লোক যেসব জায়গায় চাদাবাজি করে:-,
তারেক রহমান মানেই বাংলাদেশ,
আন্ডার মেট্রিক।,
খাম্বা ধরিয়ে দিবে,
লন্ডন থেকে আসতে যত দেরি হয়েছে আবার লন্ডনে পালাতে এত সময় লাগবে না,
ধানের শীষ ইনশাআল্লাহ,
মুলা দরিয়ে দিবে,
"বিএনপি চাঁদাবাজ, খাম্বা তারেক ধোঁকাবাজ। জামায়াত ইসলাম জিন্দাবাদ, পাকিস্তান জিন্দাবাদ।",
Dekha jabe,
আর কত বোকা বানাইবেন মানুষকে,
দাঁড়িপাল্লা,
আমি সাতক্ষীরা জেলা কালীগঞ্জ থেকে দেখছি বি এপি সাপোর্ট করি,
তারেক রহমান জিন্দাবাদ,
ফি আমানিল্লাহ্,
আল্লাহ সুস্থ রাখুন আমিন,
সবার আগে বাংলাদেশ,
বসন্ত কাল চলছে বি এন পির,
অন্য দলের সমালোচনা করতে করতে উনি রংপুরে কি উন্নয়ন করবেন সেটা বলতে ভুলে গেছেন। শুভ কামনা রইলো,
ইনশাল্লাহ আমরা আছি তোমার সাথে ভয় নাই রাজপথ ছাড়ি নাই ধানের শেষের পক্ষে থাকবো ইনশাল্লাহ,
"ভাবছিলাম নেতা লন্ডন থেকে অনেক কিছু শিক্ষা আইছে কিন্তু ঘটনা দেখি উল্টা ,,",
চাঁদাবাজ,
আওয়ামী দুঃশাসন আর দুর্নীতির দোসররা এখন একজোট। সাধারণ মানুষের অধিকার হরণকারী আর দেশের সম্পদ লুটকারীদের আসল চেহারা চিনে রাখুন।,
চুম্মা শফিক কে চুম্মার লাইসেন্স দেওয়া হোক,
১২ তারিখ সারাদিন দাঁড়িপাল্লায় ভোট দিন,
পরিবর্তন চাই চাঁদাবাজ পরিবর্তন হোক সন্ত্রাসী বিএনপি পরিবর্তন হও,
এ দেখি খাম্বা চোরা তারেক,
ইনশাআল্লাহ আপনার মনের আশা পূর্ণ হবে ধানের শীষ নিশ্চয়ই জয় হবে,
তারেক রহমান ইনশাআল্লাহ আগামী প্রধানমন্ত্রী,
আমরা সবাই মিলে মিসে ভোট দিবো ধানের শীষে,
বাংলাদেশ জিন্দাবাদ তারেক রহমান জিন্দাবাদ,
১২ তারিখ সারাদিন ধানের শীষ মার্কায় ভোট দিন,
ইনশাআল্লাহ ধানের শীষে ভোট দিব,
ভোট দিব কিসে ধানের শীষে,
দুর্নীতিমুক্ত অপরাধ মুক্ত সোনার বাংলা গড়তে আসুন সবাই মিলে ধানের শীষ এ ভোট দিয়ে জয়যুক্ত করি,
ইনশাআল্লাহ ধানের শীষ,
ধানের শীষ জিতলে এগিয়ে যাবে বাংলাদেশ,
স্যালুট তারেক রহমান কে,
ফ্যামিলি কার্ডে কি টাকা থাকবে না খাম্বা থাকবে জানালে খুশি হতাম,
তারেক রহমান ইনশাআল্লাহ,
ধানের শীষ ছাড়া কোন গান নাই,
বিএনপি বেইমান,
তারেক রহমান ভারতীয় রাজাকার,
হত্যা করে ক্ষমতায় যাওয়ার সপ্ন নিপাত যাক,
তোমাদের খাম্বা চুরি করার অভিকতা বেশি,
ভূতের মুখে রাম রাম,
তারেক জিয়ার দুর্নীতিবাজ,
ফেসবুক আইডিতে ব্লু টিক নিলে ইনবক্সে করুন এখনই ৩৮ টাকায়,
দুর্নীতিবাজ তারে,
মিস্টার টেন পার্সেন্ট তারেক রহমান,
তোমার মেয়েকে সবাই ১২ তারিখে করবে,
খাম্বা থাকবে না,
খাম্বা তারেক,
ইনশাআল্লাহ জিতবে দাঁড়ি পাল্লা,
চান্দাবাজ বয়কট,
খাম্বা,
দুর্নীতির চ্যাম্পিয়ন বিএনপি চাঁদাবাজের শীর্ষ বিএনপি,
ইনশাআল্লাহ জিতবে এবার দাঁড়ি পাল্লা,
আচ্ছা স্যার! সবার আগে বাংলাদেশ তারপরে কি ইন্ডিয়া নাকি লন্ডন?,
আমি জামাত থেকে বিএনপিতে যোগ দিলাম,
মুফতি তারেক চোর,
তাহলে নারীদেরকে আপনারা মারলেন কেন এই চাঁদাবাজি বিএনপি,
রাজাকারদের এই জায়গায় কাজ কি,
চাঁদা বাজ,
ও রে বাটপার,
চাঁদাবাজ বইকট,
জামাত ইসলাম নামে ভন্ড মুনাফেকের দল,
বয়কট বিএনপি,
বিএনপি শয়তান,
আপনারা ক্ষমতায় গেলে এক বছরের ভিতরে দেশ দেউলিয়া হয়ে যাবে খাম্বা ছিল কারেন্ট ছিল না কাট থাকবে টাকা থাকবে না,
চুম্মা শফিক ভয় নাই।ধানের শীষ ছাড়ি নাই,
তোরে লন্ডনে পাঠাও,
কমেন্ট কিছু বট বাহিনীর খানকির পোলার পাকিস্তানের রাজাকার বিচ দেখা যাচ্ছে,
চাঁদাবাজ তারেক রহমান,
বিএনপি চাঁদাবাজ,
খাম্বা ছিল কারেন্ট ছিল না এখন কাট থাকবে টাকা থাকবে না,
কমেন্টে কিছু জারক আছে এই পাকিস্তানি ব্রিজ দেরকে একটু জবাব দেন সবাই,
শালা বট বাহিনীর খানকির পোলার,
চাঁদাবাজ বয়ক,
প্রত্যেকটা পরিবারের গুদমারানি দিব আমরা,
পাচদা বাঁশ দিয়ে দিব,
নারীদের তো এখনই মাইর শুরু করে দিছো মি.খাম্বা,
খাম্বা চুর,
হা ভুয়া খাম্বা,
ভুয়া ভুয়া,
আগে নিজের দলের ইনকিলাপি আছে তাদের ঋণ পরিশোধ কর,
দাঁড়িপাল্লা দাড়িপাল্লা দাড়িপাল্লা দাড়িপাল্লা,
দাঁড়িপাল্লা দাড়িপাল্লা,
,
চান্দাব্বাস হাদী হত্যা ভূমিকায় অপরিসীম।,
কথাটা তো মনের নাম মুখের কথা,
আপনাদের রাজনীতি যদি সঠিক পথে থাকে তাহলে আপনাদের এত কথা বলার দরকার নেই জনগণ তাদের রায় দিয়ে দিবে,
তাহলে তো দেখি ফেসবুকে দলে দলে মানুষ আওয়ামী লীগ থেকে বিএনপিতে যোগ দিচ্ছে আপনি তখন চোখে দেখেন না আসলে সবাই মিথ্যুক,
"বিচারের দাবি নাই, তাই আপাকে দেশে না এনে দাদাদের কাছেই রাখতে চায়!! নতুন বন্দোবস্ত",
"আপনারাই তো হাসিনার পক্ষে কথা বলেন,,এখন সুর বদল হইছে",
চান্দা জনগণ তোমারে ভোটে শিক্ষা,
এগুলো এখন মানুষ বুঝে,
কি কয় এই পাগলায়,
কিরে এত সহজে বাইরে গেল ভাষণ,
এ দেশে আসামি নিরাপদ,
অনেক সুন্দর কথা,
বিনপি তো আওমীলিগ সাথে নিতে ছে,
এটা বুঝতে অনেক দেরি হয়ে গেছে....,
চাঁন্দা আব্বাস,
Toi khoni,
হাদি ভাইয়ের বিচার চাই ।,
"মুরুব্বী মুরুব্বী,, সৃষ্টির ষষ্ঠা একজনই",
রং লেগেছে,
ভালোয় লাগছে,
Batpar,
কাকু সময় বদলাইছে ওহন পাব্লিক আগের পুরানা নষ্ট খাবার খায় না,
বাটপার,
মির্জা আব্বাস হল,
বিএনপি'র মীরজাফর।,
আপনার চেহারা ছবি তো তার প্রমান জনাব।,
দাদু গিরগিটির মতো রং চেঞ্জ করো না তোমাদের মুখে একটা অন্তরে আরেকটা,
তুমি এত ভালো মানুষ এত ভয় পাও কেন ভালো মানুষের তো ভোট আছি তাই এত ভয় পাও কেন,
যদি সঠিক নির্বাচন হয় ৷ এমন মারা দিবো জনগনে মরার পরেও ভূলতে পারবে না ৷,
"ভারতীয় রং আপনাদেরকে কেউ লাগাতে পারবেনা কারন ভারতীয় রং ইতিমধ্যে আপনারা গায়ে মেখে এসেছেন, ষার।",
ID Dallas,
আওয়ামিলীগকে আপনারা আস্রয় দিতেছেন।,
তোরে কে ভোট দিবো,
আপনার দুই পা কবরে কি আর বলবেন মুরবি,
বিশ্বাসের মা মারা গেছে।,
কথা বলতে পারেনা,
"বন্দু,তুমি,,যাই,,বলো,,,লিগের,,দুসর",
গডফাদার,
বিএনপির মির্জা আব্বাস ভাই খুবি অসন্তুষ্ট ঢাকার আসনে অন্য জেলার মানুষ কেন নির্বাচন করতে আসছে।,
এ্যালার্ট,
"Insaf , Zindabad .",
এ-র জন্যই হাদিকে সরিয়ে দিয়েছিস,
ঢাকা -৮ এ চান্দাবাজ এর স্থান আর হবে না ইনশাআল্লাহ,
চান্দাব্বাছ,
Ata aponar kota awomilige vokto 6 kote votarar kota na.awomiliger shomay moto asbei karor bapero khomota ni feranor.,
চান্দাব্বাস,
"আপনার দলই তো, আওয়ামী লীগ কে দলে এডপ্ট করতেছে।",
হ্লা ফ্লাউল,
হাসিনাকে তোমরা নিয়ে আসবা,
চান্দাভাই ডরাইছে।,
মনা তুমি 3rd হবা,
সুর পাল্টায় কেন,
"এই কথা আওয়ামী থাকলে আপনাদের ব্যাপারে ও প্রচুর বলেছে রাতদিন বলেছে, এখন কোন দেশের জনগন পারলো? আওয়ামীর পরে আপনাদের পালা এখন!",
হু হু হা হা,
ভারতীয় রং আপনারা নিজেরাই গায়ে লাগিয়ে গুরতেছেন,
এখন নতুনদের রাজনীতিতে আসা উচিৎ পুরানদের খানা নেই,
"জনগণ কে সিদ্ধান্ত নিতে দিন , আপনারা বাধা দিচ্ছেন কেন ?",
"কালার না সত্যি, নিজের বংশের কিছু লোক কে এমন দেখলাম। আর কারে কি বলবো।",
৮ এর জনগন বুঝে শুনে ভোট দিবে,
বাংলা সিনেমা পাবলিক দেখে না সিনেমা র হল গুলো বন্ধ হইয়া গেছে,
আপনি তো হাদিকে মারচেন আল্লাহ বিচার করবেন ইংশাললাহ অপেক্ষায় থাকেন,
মীরজা ওবায়দুল কাদের,
আরে আসতে কতক্ষণ?,
হাদি ভাই থাকলে.... দেখা যাইত...,
ভারতীয় রং কন রং কে বলা হয় যদি একটু বলেন তাহলে বুঝতে পারতাম।,
চান্দা আব্বাস।‌।,
এএএএএ চোষড়,
রঙ লাগিয়ে কেউ দেয় নি দাদু,
তোমাদের কৃতকর্মের কারনেই তোমাদের গায়ে রঙ লাগছে।,
"তুমি হলে,,,",
লা ই ন দেহি সোজা হইতাছে,
"ঢাকা ৮ এর জনগণ, অবশ্যই হাদী ভাই এর হত্যার বিচার করবে, চান্দাব্বাসকে হারিয়ে",
সব আওয়ামী লীগ তো বিএনপিতে যোগ দিতাছে।,
বুঝলাম না এতগুলা কমেন্টসের ভিড়ে আমি একটু পজিটিভ কমেন্টস খুজতেছিলাম,
আব্বাস ভাই জিন্দাবাদ,
ভূয়া,
Ora Batper,
চাঁন্দা ভাইকে বর্জন করুন,
যেখানে স্পষ্ট র*ক্ত দেখা যাচ্ছে,
সেখানে রং লাগানোর কী প্রয়োজন,
মির্জা আব্বাস সাহেব আপনি।,
হাদীকে আপনি থ্রেড দিয়েছিলেন কেন তাকে কেন বলেছিলেন যে তুমি কখনো ওয়ার্ড কাউন্সিলার হয়েছিলে,
চান্দাববাছ,
keno? protidondi nai? Patoary?,
হাদির খু/নের পিছনে কে থাকতে পারে ?,
ব্যাংকের মালিক হইলা কেমনে।,
চান্দা আব্বাস,
চান্দাবাজদের বয়কট করেছে বাংলাদেশের ছাত্র সমাজ। তার প্রমাণ ছয়টা বিশ্ববিদ্যালয়ের ছাত্র সংসদ ভোটের রেজাল্ট।,
১৭ বছর কয় ছিলেন,
"নতুন আরেকটি রঙ আবিস্কার বলো, ভারতীয় রঙ",
ইনসা আল্লাহ আপনার বিচার খুব শিগগিরই হবে রেডি গয়ে থাকেন,
কে আপনাদের গাঁয়ে ভারতের রঙ লাগিয়ে দিচ্ছে? আপনারা নিজেরাই তো ভারতের রং গাঁয় মেখে বসে আছে!!,
কথা শুনে ভালো লাগছে।যার কোন বাস্তবতা রাজপথে নাই।সবই উল্টো,
দুর হালা খবিস,
র এর এজেন্ট Ab bus,
সত্যি তো,
Dhaka 8 mane tumi chanda abbas joy bangla,
দূর্নিতির বর পুত্র,
জুলাই যোদ্ধাদের কারণে আজকে তোমাদের মুখের সেদা দিয়ে কথা আসতাছে,
আওয়ামী লীগ পুনর্বাসনের কাজ চলছে,
কাকু এতদিন কি করছেন,
আরে বাটপার এসব বক্তব্য এতদিন কই ছিল,
সে একটা ছেলে নয়! নাসির উদ্দিন পাটোয়ারী নির্বাচিত হয়ে স্বরাষ্ট্রমন্ত্রী ইনশাল্লাহ!,
হাদীর বিচার চাইলে চান্দাব্বাসদের হটাতে হবে৷,
#JusticeForHadi,
17 bosor val falaise,
চাঁদাবাজ ও সন্ত্রাস ভূমিধস দুর্নীতি ৫চ্যামফিয়ান দলকে না বলুন,
পাটোয়ারী,
Kako ফেল,
"টালমাটাল অবস্থায়, হারুন সাহেব বলেছেন এক কথা, ফখরুল এক কথা, মিজ্জা আব্বাস অন্য কথা!",
Apnar party lokerai Hasina k anar jonno campain kortece,
Hadir khuni...,
শাপলা কলি নাছির উদ্দীন পাটোয়ারী,
মির্জা আব্বাস থেকে তো আপনার নাম চান্দা আব্বাস এমনি এমনি হয়নি,
আপনার দলের একজন গুরুত্বপূর্ণ ব্যক্তিগত হারুন এই গতকালই বলেছে সে আওয়ামী লীগকে রক্ষা করবে।,
Tore o icche kore latthi maira india pathate,
That is real truth,
পাটোয়ারী,
বুঝতে পারছে কিভাবে কথা বললে মানুষ খাবে।,
Thank apnake,
আপনারা নিজেরাই তো বলতেছেন আওয়ামী লীগের সব মামলা উঠায় নিবেন,
জামানত বাজেয়াপ্ত করতে হবে ডার্বি নাসিরের,
এই দেশে এখন আর লোভ বা ভয়-ভীতি দেখিয়ে আর রাজনীতি করা যাবে না দিনে দিনে সবকিছু পরিবর্তন হতে যাচ্ছে।,
চান্দা বাবার মুখে ধর্মের বুলি,
চান্দা ভাই,
হাদি হত্যার সাথে চান্দা আব্বাসকে সন্দেহের বাহিরে রাখা যায় না,
তোমাদেরকেও বাংলাদেশ গ্রহন করবে না এর কেউ বাংলাদেশ গ্রহন করবে না,
"আগের দিন ভুলে যান, এখন জাতি আর বুড়া দিয়া দেশ চালানো পছন্দ করে না। Generation change হয়েছে।",
"গ্রামের মহিলারা এখন অনেক সচেতন, বিএনপি ভুয়া ফ্যামিলি কার্ডের লোভ দেখিয়ে তাদেরকে কিনতে পারবেনা ইনশাআল্লাহ। তারাও ইতিহাস জানে। শেষ পর্যন্ত দেখুন।",
Osobbo akta manus mirza abbas,
Shala chadabaz shontrashi.agent of raw.,
ইনকিলাব মঞ্চের উচিত ছিলো ঢাকা ৮ আসনে প্রার্থী দেওয়া,
গত ১৭ বছর কি করছেন আপনারা,
দাদু কদু খাও,
বি এন পি মুখে মুখে ভালোবাসা দেখায়,
"Buira chut,,,,,,,,,, hadire maira akhon 8 asot Tor na,",
ভারতের কাছাকাছি না গেলে কি রঙ লাগতো..?,
রাজনিতি,
"চান্দা আব্বাস, হাদি হত্যার সাথে জড়িত তবে সেটা প্রকাশ হতে অনেক সময় লাগবে। আপনারা আওয়ামী লীগের পূর্নবাসন করছেন সেটা জনগণ বলছে।",
কেও ওরে একটা ব্রাশ আর একটু হার্পিক কিনে দে মুখ দিয়ে গন্ধ বের হচ্ছে।,
"আসায় থাকো কাউয়া পাকলে খাইয়ো ডেউয়া, আপনার বয়স হয়েছে তাই আবোল তাবোল বলার চেয়ে কথা কম বলাই ভালো।",
একটা রাজনৈতিক দল ফ্যামিলি কার্ডের লোভ দেখিয়ে সরকারে আসতে চাইলে সেটা হবে দুঃখজনক,
চান্দা আব্বাস এবার জামানত হারাবি রে,
আগেই রেন্ডিয়ার ভিষা রেডি রাখ,
র এর এজেন্ট এটা ১০০% সত্যি।,
17 বছর ভণ্ডামি করছো।।।,
ঢাকাতে সবাই শিক্ষিত যদিও মূর্খ থাকে শিক্ষিতদের সাথে থেকে অনেক জ্ঞানী হয়ে যায়,
জ্ঞানীরা সঠিক সিদ্ধান্তই নেবে,
নাটক কম করো প্রিয়,
চাঁদার জন্য পাথর দিয়ে মানুষ হত্যা কারি দল কে বয়কট করা উচিত।,
নিজের আসনের প্রতি কোন আত্মবিশ্বাস নাই নেতার,
সারা বাংলাদেশে বিএনপি জিতবে বলতেছে।,
এক নামবার চান্দাবাস,
মির্জা আব্বাস হাদী হত্যাই জড়িত,
তার কথার বুঝা যায়,
ভারতীয় রং নয় আপনারা ভারতের রঙের মাঝখানে ডুবদিয়া আছেন,
হাসি লাগে,
চান্দাব্বাস। হাদী হত্যার সাথে জড়িত।,
চান্দাবাজ হটাও দেশ বাঁচাও,
হাসিনা দেশে আসলে তো চাঁদাবাজি ভাগ দিতে হবে তাকে,
নাটক নাটিকা দেখলো জনগণ ফ্যাস্টিট এর কথা বাদ আপনারা যা শুরু করেছেন ম্যাডাম বলেছিল আল্লাহর গজব পড়বে,
তাহলে আব্বাস ভাই আপনি ফখরুল সাহেব কে বুঝান,
তুমাকেও আমরা চাই না।এবার শুধু জামাত,
চাঁন্দা ভাই,
ঢাকা ৮ হাদি বনাম ভারতীয় আধিপত্যবাদ।,
"কোন ভদ্র লোক,খুনি চাঁন্দাবাজ কে ভোট দিবে না।",
ইনকিলাব জিন্দাবাদ আল্লাহু আকবার,
হাদী ভাই থাকলে আপনি থার্ড হইতেন,
চন্দাব্বাস,
সত্য বলে দিছে হাসিনা দেশে আসতে পারছেন না জুলাই যোদ্ধাদের জন্য তাই তিনি আনতেও পারছেন না।,
চাঁদ্দাব্বাস,
ভূতের মুখে রাম নাম,
I came here just to read the comments.,
এবার ভোট কমে গেছে ইনশাআল্লাহ,
টাকার বদলে আওয়ামী লীগ দিয়েই তো দলটা পরিচালনা করছেন আপনারা,
"আমরা বিশ্বাস করি না,শুনেছিলাম,জিয়াউর রহমান না কি হাসিনাকে দেশে এনেছিল, এবার দেখবো তার ছেলে হাসিনাকে নিয়ে আসবে।",
অসংখ্য আওয়ামী লীগ কর্মী কে নমিনেশন দেয়ার পরে যারা এই কথা বলে এটা হাস্যকর,
"ভাষা তো চেঞ্জ করা দরকার,, কিছু ছেলে ফেলে বলে সম্বোধন ঠিক না,, ঢাকা ৮ আপনাকে ইজারা দেওয়া হয় না।",
ইনশাআল্লাহ দাঁড়ি পাল্লা বিজয়ী হবে তোমার আসনে,
আমরাও আশাবাদী ঢাকা ৮ আসনের মানুষ আপনাকে গ্রহন করবে না,
"শরিফ ওসমান হাদীর,,",
ধান্দাবাজি সব,
মি: র ' আপনি ফেল্টু ঢাকা -৮ এ,
ভুতের মুখে রাম রাম,
ধামরা চান্দা আব্বাস বিএনপি র পতনের কারন হবে।,
তারাই আশ্রয়দাতা,
"আপনারা আ'লীগের সব মামলা তুলে নিবেন, এটাতো আপনাদের মহাসচিব ঘোষণা দিয়েই দিছে।",
এখন অন্যের ঘারে দোষ চাপাচ্ছেন কেন??,
"সেজন্য ভয় তে হাদীকে সরাই দিছেন, আর ইউনুস তাকে এখন ও কিছু বলেনি",
আওয়ামী লীগের সবাই বিএনপিতে যোগ দিতেছে,
সে বাংলা সিনেমার মতো ডায়লগ মারে অনলাইনে এসে,
Hadir khuni,
১৭ বছর না খেয়ে থাকা পাগলা কুকুর হইতে সাবধান।,
আমরা আশা করি এবং কি আল্লাহর একটু ভরসা করে নিশ্চিত হয়েছি আপনি ফেল,
চাঁন্দাবাসকে রিমান্ডে নিলেই হাদি হ*ত্যার প্রকৃত সত্য বেরিয়ে আসবে।,
বিএনপি দেখলেই চাঁদাবাজির কাহিনী মনে পরে,
Maje maje mon kharap hole Aisob Rajnitibid der soglaf dekhi tokhon only hasi,
নৌকা R ধানের শিস দুই শাপের একি বিশ,
আপনি চান্দাবাজের বিরুদ্ধে একটু বলেন,
"হাসিনার আমলে এই কথা বলার সাহস আপনার কোথায় ছিলো। ছাত্রদের কাধে বর করে,এখন ক্ষমতার স্বাদ নিতে চান।",
হাসিনা আসবে আপনাদের মাধ্যমে আসবে,
ভারতীয় রঙ নয় ভারতীয় র ক্ত কথা বললে এমনিতেই জনগণের চোখে লাগে,
চাদা আব্বাস,
চান্দাব্বাস।,
ভিপিনুর আগামীর রাস্ট্র নায়ক,
বিএনপি তে ২০০ আওমী লিগের লোক কেনো যোগ দিতে দিলেন জবাব দেন তাইলে,
মির্জা গাব গাছ হাদী হ'ত্যার পরিকল্পনাকারী,
Apnar dol e korse…,
Chanda Abbasss….,
Allah ore jannat nashib koro Allah. Plz,
তোমাকে ওতি শিকরই আইনের আওতায় আনা হবে।,
ইনশাআল্লাহ।ওসমান হাদি ভাইর বিচার হবেই ইনশাআল্লাহ।,
আহারে পুরুষ কত সুন্দর অভিনয় জানে,
বাটা আয়শা গেছে বুঝতে পারতেছেন ধন্যবাদ,
"আব্বাইসারে কবে যে দেখবো চোরের মতো সাধারণ জনগণ জুতা দিয়ে পেটাচ্ছেন,, ইয়া রাব্বুল আলামিন কবুল করেন",
ভারতের দালালকে তো ভারতের দালালের চেক লাগাবে এটাই স্বাভাবিক,
।#WeAreHadi,
৮ এর জয় মানে জুলাই এর জয়,
এজন্য তারাই সব আওয়ামী লীগ সাথে নিয়েছে,
আপনারাই বড় বড় কথা বলেন কিন্তু পরে আপনারে আওয়ামী লীগের দেশে আসার সুযোগ করে দিবেন এখন মানুষদেরকে বোকা বানানোর চেষ্টা করতেছেন ক্ষমতায় আসার জন্য,
ভারতের দোসর হয়ে আছেন। আবার ডায়লগ কি,
তাহলে কিভাবে নবীন বরন করছেন,
ভোট চুরি করে ক্ষমতায় গেছে আবার লেকচার মারে,
চান্দাবাজ,
৭৪ থেকে শুরু করছেন রাজনীতি এইবার বাদহ্ দেন।,
octopodhi se mdb MP3,
চল যায় যুদ্ধে,
মাদকের বিরুদ্ধে,
বুড়া বয়সেও ক্লিন সেভ,
"চান্দাআব্বাস এখনও ভয়ে ভয়ে কথা বলে,আগে চিন্তা করে পরে বলে।",
হাস্যকর ডায়লগ আপনাদের এই কথা কাউকে বিশ্বাস করেনা।,
Uni ki shok prokas korte gia hus a chole asce naki,
পরিবারতন্ত্রকে না বলুন।,
ওকে ভুট দেওয়া মানে হাদী হত্যার বিচারকে অস্বীকার করা,
"ও মনে হয় ঠিক মত হাগে না, গু সব মাথায় উটে যাচ্ছে,",
কাকা ১৭ বছর কি করলেন।,
আল্লামা মির্জা আব্বাস ঘুম থেকে উঠে বালটি নিয়ে চাঁদাবাজি করে,
শিখানো কথা ।,
আপনিকি মঙ্গলগ্রহে থাকেন নাকি সব আওয়ামী লীগ বিএনপি বানাইছে তার পরেও এসব কথা বলেন কোন মুখে সরম করে না,
আপনাকে সবাই চান্দাবাজ বলে কেনো',
চান্দাবাস,
ভিডিওটা ডাউনলোড করে রাখলাম দেখি কোথা কাজে কতটা মিল থাকে,
চুরি করে চোর,
ঢাকা আর থেকে বয়কট,
আপনারা কি এমন ভালো কাজ করেছেন বা তার ভূমিকাটা কি জাতি একটু দেখতে চায়,
আহারে,
Kaka bnp te Awami League joyen diche ai bisoy ki chu bole jan,
হাদি ভাই তোমার কথা মনে পড়ে খুব দরকার ছিল তোমাকে বাংলার,
আল্লামা মির্জা আব্বাস ওরফে চান্দা আব্বাস,
2nd obaidul kader,
Amar bhai Hadi hottay ei kulanggar o jorito..,
"মিস্টার ষ্যাড় আপনারা ঘোষণা দিয়ে আওয়ামী লীগ কে গ্রহণ করেছেন, অনুগ্রহ করে আর মিথ্যা বলবেন না।",
"মানুষ দেখবে আপনারা কি করেন, শুধু সময়ের অপেক্ষা",
মির্জা পরিবার কে আর নয়,
হালারে দেখতেই চাঁদা বাজের মতো লাগে,
হাদি চিরকাল বেচে থাকুক বাংলাদেশের হৃদয়ে,
কাক্কু মনে হচ্ছে কাজ হবে না,
বিএনপি একটা জোকার দলে পরিনত হইছে,
টপিক গুরিয়ে ফেলেছে তার মানে বড় নেতায় শিখিয়ে দিছে যাতে নাসির উদ্দীন পাটোয়ারীর টপিক ভুলে যায়,
আমরা আশাবাদী তোমাকেও জন গণ করবে ইনশাআল্লহ,
ওরে বাটপার চান্দা আব্বাস,
কোথায় আসে না ভূতের মুখে রাম রাম,
হাসিনার সাথে মির্জার বিশে দেওয়া দরকার।,
ওনি তো মুফতি ওয়াজ ভালো জানেন,
সত্য কে কিভাবে মানবেন না,
হাসিনা বিতাড়িত আপনাদের কোনো ভূমিকা নেই।,
"সালা তুইতো, ভারতী*",
ইনশাহআল্লাহ মির্জা আব্বাস ভোটে হারবে,
ঢাকা ৮ ওসমান হাদির।,
এটা নিশ্চিত হাদী ভাইকে এই আব্বাস মেরেছে,
আমার ভাইয়ের খুনের জরিত ব্যক্তি,
মজার বিষয় হইল পোস্টের রিয়েক্ট পড়ছে ১৫ হাজার তারমধ্যে দশ হাজারই হা হা,
এই মাল যেন হেরে যায়,
"কথাতেই বুঝা যায় আসবে কি না,, ওনি ওনি বলে কথা বলেন আব্বাস সাহেব",
"চান্দা আর ভোট, দুইটা পাশাপাশি দেওয়া সম্ভব না।",
Joto projonto na abbas podteg korche totokhon manus bolte thakbe canda abbas,
হাদি নাই হইলো কেমনে ঢাকা ৮ থেইকা?,
ভোটের পরে বুঝা যাবে।,
-আপনি আগে আপনার এলাকার কর্মীদের সংশোধন করুন।,
"ভারত এর বিরুদ্ধে একটা স্লোগান দে,,",
কেমন দেশপ্রেম.??,
"নিষিদ্ধ করে বড়বড় বক্তৃতা কর, আসবো আসবে সেইদিন তোমাদের খুজে পাওয়া যাবেনা।",
Ajk akdom kajer kotha bolse,
বাংলাদেশ এ ডুকতে হলে চাঁন্দা দিয়ে ডুকতে হবে,
চাপা মেরে লাভ নেই বাংলার জনগণ তোমাকে আর গ্রহণ করবে না,
তোমাদের নেতা কে যেরকম,
গাবগাছ আংকের নাসিরের স্কয়ার গাড়ির সাইড কিট চুরি করছে কে??,
আব্বাস উদ্দিন এম পি হওয়া শ্যাস,
সোনার বাংলাদেশ,
কাকু আপনার বয়স হয়েছে এবার অবসরে যান!,
আর কতো চাঁদা নিবেন ৪বার এমপি হয়েতো অনেক লুটছেন এবার থামেন কাকু!,
⍨ ক্ষমতার চেয়ার না জনতার চেয়ার,
Dhaka big Mafia,
Corer mukhe ram ram,
জিয়তছে তো অনেক কষ্টে আওয়ামী লীগ থাকলে তাও জীবনে জিততেন না যদি আওয়ামী লীগের পক্ষ থেকে কলা গাছ দাড়াইলো ওই কলা গাছে জিতবে,
Vote chor,
এবার একটু আল্লাহরে ভয় করেন এক পা কবরে আপনার এত অমানুষ এর খাতায় নাম লিখাইয়েন নাহ যেনো মরলেও মানুষ খুশিতে নাচে,
"ঢাকা ৮, ১৩,১৭ এই আসন গুলোর ভোট লাইভে গণনার জন্য জোর দাবী জানাচ্ছি।",
ডাকাত,
পৃথিবীতে সবচেয়ে সুখী মানুষ বিএনপির সকল কর্মী কারন তাদের কোনো লজ্জা শরম নাই ।,
"তাদের নেতাকর্মীদের গ্রহন করবে,এটা তো বললেন না।আপনাদের জন্য আওয়ামী লীগ ঠিক ছিল।",
কাক্কু মনে হয় ফেল,
চুরা আব্বাস,
এ হালারে দেখতে আর ভালো লাগেনা,
অহংকারী ধংশ হবে,
Aoyamilig protihoto thakbe ar Abbas ar chadabaji obbahoto thakbe,
এক ঝুড়ি আরেক ঝুড়িকে বলে তোর পিছনে ছি*দ্র*,
"Balur track er bishoy ta jodi bolten, oi somoy onk soto cilam.",
Chanda Vai,
না না না এইটা তো ঠিক না... ওদের DNA-ই তো ভারতের,
ai ta to age thaie laganu ache,
চান্দার ঘুম হারাম হয়ে গেছে,
কেও রং লাগাইয়ো না সরাসরি ভারতি বলো।,
আপনার দিন শেষ,
হাদির খুনি,
চাঁদাবাজ,
আপনার তো চোর তাই বলেছে বুকের দম থাকলে দেখায় দেন সত্যিকারে অর্থে নির্বাচন কে জিতে,
"রঙ কেন লাগাবে, রং নিজেই মেখেছো",
সবাই আমার ভাইকে ভুলে গেলেন.....,
#WeAreHadi #JusticeForHadi #justiceforhadibhai #WeAreOsmanHadi,
Abbas bhai thik ache,
মাফিয়ার ডন,
হেতির চান্দিতে সুটার ফয়সালে চেহাড়া ভেসে ওঠে,
#WeAreHadi,
এই কথাটা যাতে ঠিক থাকে,
আওয়ামী লীগের মতো আচরণ যারাই করবে জনগণ তাদের প্রত্যাখ্যান করবে ইনশাআল্লাহ,
অল্পের জন্য স্টক করে মরেন নি,
জাওরা গাবগাছ,
চোরের মায়ের বড় গলা,
Chanda abbas vote chor no.1,
কারন তর মতো বাটপাড় কেউই নির্বাচনে দাড়ায় নাই...,
স্বৈরাচার মুক্ত দেশ গড়তে গণভোটে হ্যা দিন।,
ভারতীয় আগ্রাসন রুখতে গণভোটে হ্যা দিন।,
মির্জা গাবগাছ,
https://www.facebook.com/share/v/1D33nofQRw/,
দাদু কেমন আছেন আপনি পকেটে চাদার টাকা ডুকতে দেরি হচ্ছে,
ভোটকেন্দ্র আপনার স্ত্রীকে ঢুকিয়ে বুট ধান্দাবাজি করছেন।,
https://www.facebook.com/share/v/1K8ysgUnmt/,
#JusticeForHadi #WeAreOsmanHadi,
মোদীর বাচ্চা,
https://www.facebook.com/share/1FU68427h1/,
#killarmirza,
আইডিতে গিয়ে একটা ফলে দিলে ভরপুর ভালেবাসা পাইবেন এবং ফলে বেগ পাইবেন,
আওয়ামী লীগ এর প্রশ্রয় দেওয়ার প্রমাণ তো পথে ঘাটেই দেখা যাচ্ছে,
এবার চাঁদাবাজ রে কোন লোক ভোট দেবে না,
স্বৈরাচার ফ্যাসিজমের বিরুদ্ধে দাড়ান।,
খান্কিরছেলে কয় কি রে,
শহীদ শরীফ ওসমান হাদীর হত্যার পিছনে আপনার হাত আছে এটা বাংলাদেশের জনগণ জানে,
পূর্বের ১৭ বছর আপনারা বাল ফালাইছেন না এখন বড় বড় লেকচার ছাড়,
"এই দেশের মানুষ, আওয়ামীলীগ ও হাসিনাকে গ্রহণ করবে না কিন্তু আওয়ামীলীগের পদস্থবিদের বিএনপিতে যোগ দিবে ? বাটপার",
"#JusticeForHadi আমার ভাইয়ের রক্ত খেয়ে কাউকে হজম করতে দেবো না হাদী ভাই আমাদের এমপি, আমাদের সরকার",
কেননা সব সাইটে বাংলাদেশের স্বৈরাচার হাসিনাকে সরাল এত ছাত্র জনতা মির্জা আব্বাস কোন বিষয় না এটা,
"আমার তো মনে হয় আপনি হয় স্টক করতেন,,নয়তো সুইসাইড করতেন",
Kako fail,
আব্বাস হাদী হত্যাকারীর পরিকল্পনাকারী,
https://www.facebook.com/devid.john.774194,
Hadir khuni abbas,
Nasir by,
বিএনপি একমাত্র রাজনৈতিক দল যারা ক্ষমতায় যাওয়ার আগেই বাংলাদেশের সর্বস্তরের জনগণ তাদের পতন চায়,
ঢাকা ৮ আপনি পাবেন না মশাই।,
ভারতের রং লাগানো আছে বর্তমানে বিএনপিদের গায়ে।,
দুধে ধোয়া তুলসী পাতা,
ইনশাআল্লাহ,
আপনার দলের লোকরাই তো আস্রয় দিচ্ছে এক অংগে কতো পদের রুপ,
চান্দা আব্বাসউদ্দীন,
সম্পর্ক বদলে গেলো একটি পলকে ভোট চুরের কারণে মির্জা আব্বাস আসলো সংসদে,
আপনার বউ হয়েনাকি আসবে হাসিনা কি ?,
"এটা আবার কেমন রং, এবারের ঈদে আমিও ইউনিক ভারতীয় রঙের জুতো পড়তে চাই",
"ভারতের ডান হাত ছিল আওয়ামীলীগ,,, এবং বাম হাত b*p,,,কথা টা মিলিয়ে দেইখেই",
কথা যেনো ঠিক থাকে,
চোরের মায়ের লম্বা গলা কথাটা আজ বাস্তবে পরিণত হলো,
শালা চান্দা আব্বাস,
বুইড়া চুন্নি আব্বাসনি কই,
remember,
Keno bharat pochhondo koren e toh,
Candabaz,
"দুর্নীতিবাজ,",
"আকাম করছো তাহলে কেমনে মেনে নেয় মানুষ,",
ভূতের মুখে রাম রাম,
আমরা আশাবাদী জনগণ ভোটের মাঠে প্রমান করবে।,
নানা আপনি অবসরে চলে যান।,
নোয়াখালী এখন কুমিল্লার যারা ঢাকা ৮ আসনের ভোটার আছেন দয়া করে আপনারা সবাই নাসির উদ্দিন পাটোয়ারী কে ভোট দিবেন,
যারা আওয়ামীলীগ করতেন তারা কি এরে ভোট দিবেন,
ইনশাআল্লাহ আমরা হ্যাঁ ভোটের মাধ্যমে দেশের সর্বস্তরের জনগণ মিলে সন্ত্রাস চান্দাবাজ টেন্ডারবাজ মুক্ত একটি নতুন বাংলাদেশ গড়তে চাই,
,
#Saluting_Our_Cultural_Hero,
শাপলা কলি জিন্দাবাদ,
"মানুষকে ভোটকেন্দ্রে যেতে দিয়েন, যার ভোট তাকে দেয়ার সুযোগ দিয়েন। তাহলেই বুঝবেন আসল খেলা কি।",
Mirza abbas BNP inshallah,
চাদা আব্বাস হারবে সে খুনি,
Public hase,
হাদিকে সরিয়ে দেওয়ার পিছনে জামাত কাজ করেছে। হাদি একমাত্র আওয়ামী লীগ ও জঙ্গি জামাতের অন্তরায় ছিলো।,
"☞আপনারা আ'লীগের সব মামলা তুলে নিবেন, এটাতো আপনাদের মহাসচিব ঘোষণা দিয়েই দিছে।",
#KillerMirzaAbbas,
অথচ নিজেদের দলেই আম্লীগের নেতাদের মনোনয়ন দিয়ে রাখসে বাটপার,
কবিতা বুঝানোর দিন শেষ,
চান্দা আব্বাস এতো লাফায়েন না ঢাকা -৮ পাবেন না,
বিএনপিকে ভোট দেওয়া মানে নিজের পায়ে নিজে কুড়াল দেওয়া,
আপনি নিজেই তো প্রতি সপ্তাহে সদলবলে গণভবনে যেয়ে হাসিনার সাথে চা খেয়ে আড্ডা মেরে টাকা নিয়ে আসতেন!,
সেজন্য আওয়ামীলীগ কে দলে নিচ্ছেন দল ভারি করতে।মনে রাইখেন পাপ বাপকেও ছাড়েনা।,
মীর্জা আব্বাস না মীর্জাফর,
সুষ্ঠ নির্বাচন হলে মির্জা আব্বাস ফেল,
১৭ হারাচ্ছো! তুমি ৮ নিয়ে পড়ে আছো?,
যারা বলে এখন মুজিব কোট তুলে রেখে দিছি আওয়ামী লীগ আসলে নামাবো তাদের বেলায় কি??,
আমরা চান্দাবাজি সন্ত্রাসী ঢাকা ৮ আসনে দেখতে চাই না,
ঢাকা ৮ আসনের জনগণের রুচি কি এতই খারাপ এদেরকে এমপি বানাবে।!,
আমরা আশাবাদী এবারের নির্বাচনে বাংলাদেশের জনগণ চাঁন্দাবাজ খুনিদের কে ও আর সুযোগ দেবে না ইনশাআল্লাহ,
বাংলাদেশের মানুষ ন্যায় ইনসাফ আজাদী ভিত্তি শাসন চায়।,
চাদাবাজ সন্ত্রাসী লুটপাটের দেশ সাধারণ মানুষের পছন্দ করে না।,
"হ দিবোনে তোমারে,,",
"হাসিনাকে ভুলে গেলেন,আপনার ঢাকা ব্যাংকে একটা ফুলের টোকাও লাগতে দেয় নাই।",
দেশে আসলেই তোমাকে বাগুন ভরে দেয়া হবে,
ওই নির্বাচনে আপনার পরাজয় নিশ্চিত হবে ইনশাআল্লাহ,
এই পাগল কে ভোট দিলে দেশের বারোটা বেজে যাবে,
সব জায়গায় তো আওয়ামী তো সবাই এখন বি,
আরে ভাই আপনারা সবাই মির্জা আব্বাসকে নিয়ে আবোল তাবোল বলতেছেন কেউ পজিটিভ কথা বলেন।,
এটা সাধারণ মানুষ জানে,
ভারতীয় রং বরং ভারতীয় চামড়া পড়ে আছেন।,
সুর পালটে গেলো মনে হচ্ছে,
"হেতি নাকি হত্যাকারী, সবাই কয় আরকি৷",
টেম্পু,
ভন্ড তার নিজের দলের লোকেরাই আনুষ্ঠানিক ভাবে দলে আওয়ামীলীগের লোককে আশ্রয় দিয়েছে,
হাদী হত্যার প্রধান নায়ক,
এই ঢাকা আট নির্বাচনই জন্যই আজ হাদী ভাই কবরে।,
কাকা বিএম্পি আমিলীকগে জায়গায় জায়গায় গ্রহন করছে,
চান্দাব্বাস। এলাকায় এমন কোনো দোকান নাই চান্দা না তুলে,
"মির্জা আব্বাস এর পাপের ফসল, নাসিরউদ্দিনের পাটোয়ারি",
চাচা ভালো হয়ে যাও চাদাবাজী করা বাদ দাও মানুষ কিন্তু সব জানে,
পিওনের ছেলে আন্ডার মেট্রিক কিভাবে একটা ব্যাংকের মালিক হয় এটাই মাথায় ঢুকে না আমার।,
দলে দলে লীগের প্রার্থী দিচ্ছে আবার বলে যায়গা নাই।,
এটা আবার নতুন কি,
কোন ষড়যন্ত্রে কাজ হবে না ইনশাআল্লাহ ধানের শীষের বিজয় সুনিশ্চিত,
অলি অলি,
Canddabazz.com,
জনগণ দেখবে,
"ইজ্জত থাকতে মনোনয়ন প্রত্যাহার করেন, নইলে জমানত বাজেয়াপ্ত হবে।",
বটবাহিনী মির্জা আব্বাসের পিছনে ভালই লেগেছে তবে যারা কমেন্ট করছে এরা সবাই সারা বাংলাদেশের বটবাহিনী!,
ইনশাআল্লাহ জয় আপনার হবে,
বট বাহিনী,
আসল কথা,
বি এন পি একটি ক্ষুদার্ত সন্ত্রাসী দল এদের মুখে দেশের মানুষ পেশাব পায়খানা করবে অপেক্ষা শুধু সময়ের!!!,
খুনিদেরকে দেশের মানুষ ক্ষমতাই দেখতে চায়না,
বিএনপি পাশ করলে ও আপনি ডাবল ফেল হবেন ।,
আপনাদেরকে শায়েস্তা করার জন্য একমাত্র শেখ হাসিনাই যথেষ্ট ছিল,
অথচ দশ বছর পরে শেখ হাসিনাকে ফিরিয়ে আনার ঘোষণা দিলেন বিএনপির এক নেত্রী,
সময়ের অপেক্ষা মাএ,
এইবার মনে হয় তোমারে লাল কার্ড দেখাবে জনগণ,
insha'Allah Mirza saheb,
যারা থাকেই রংয়ের মধ্যে তাদের গায়কি রংলাগানো যায়।,
NCPভাইদেরকে অনুরোধ করবো আমজাদ ভাইকে সমর্থনের কথা কেন্দ্রীয়ভাবে সমর্থন এবং জানানো হোক এর ফলে পলাশে আপনাদের জন্য এবং সকল জনগণের জন্য ভালো হবে,
ইনশাআল্লাহ ঢাকা ৮ টের মানুষ আপনাকে গ্রহণ করবে না?,
tui jan war hadi k marsos,
এবার চির জীবনের জন্য হারাতে হবে ঢাকা ৮ আসন। ১৭ পর ঘেউ ঘেউ জনগণ তার জানে কে আপনি সন্ত্রাস,
"লুটতরাজ, চাঁদাবাজি ও স্বৈরাচার মুক্ত দেশ গঠনে অবশ্যই আমাদের ""হ্যা"" ভোট দিতে হবে।",
আওয়ামীলীগকে আশ্রয় দেওয়া একমাত্র দল বিএনপি,
আলহামদুলিল্লাহ আমরা হাজী সেলিমের রিপ্লেসমেন্ট পেয়ে গেছি,
তোমার কপালে সনির দশা।,
"Kuttar bachcha futfute sundor, chandabbas kuni hadir",
ধন্যবাদ মির্জা ভাই,
কিন্তু আওয়ামী লীগ কে বিএনপি গ্রহণ করতেছে সামনেও করবে।,
হাদী দেখাতে চেয়েছিল:—,
আমি আওয়ামী লীগ করি,
বটদের কমেন্ট ভরা।,
আর যাই হোক ঢাকা ৮ আসনের লোকজন আপনাকে এমপি হিসেবে দেখতে চায় না। আপনি এমপি হচ্ছেন না এই কথা ক্লিয়ার,
আপনি মনে মনে ধরে নেন,
জোকার,
মানুষ চান্দাবাজের বিরুদ্ধে আছে।,
খালেদা জিয়ার বাসার সামনে থেকে একটা বালুর ট্রাক সরাতে পারে নাই আবার বড় বড় কথা বলে,
তোমার আর বেইল নাই,
Mukh O mukhosh...,
পাঁচ বার দুর্নীতিতে চেম্পিয়ান,
মানুষ আর পুরান খায় না,
হাদী মারলো কারা জাতি জানতে চায়,
ইনশাআল্লাহ দাঁড়িপাল্লা,
Muhammad Yasin মির্জা আব্বাসের আসে পাশে আসার মতো হতে অনেক যুগ লাগবে,
ইনশাল্লাহ এখানে আপনি বিশাল ব্যবধানের জয় হবেন ধানের শীষ,
"মানুষ এখন কথায় বিশ্বাস করে না,কাজে।",
তোমারদের কথায় ভেজাল আছে,
#হাদীর_হত্যাকারী,
মুখে মুখে ..,
খুনি আব্বাস!,
ধান্দাবাজের মুখে রাম রাম,
হাসিনা যখন আসবে আপনার কেউ বাংলাদেশ এ থাকবেনা।,
মির্জা আব্বাস তোমাকে যারা ভোট দেবে তারা হাদীর সাথে বেইমানি করবে ইনসাফের সাথে বেইমানি করবে ইনকিলাব জিন্দাবাদ,
ধানের শীষ,
চান্দ আব্বাস,
আল্লাহ বিএনপি থেকে বাংলাদেশকে হেফাজত করুক যেভাবে করেছেন আওয়ামীলীগ থেকে। আগামীর বাংলাদেশ হবে ইসলামের বাংলাদেশ ইনশাআল্লাহ।,
মানে ৮ আসনে আপনাকে খেয়ে দিবে নাসির পাটোয়ারী বাকিটা সময়ে বলে দিবে,
এই খুনির বিচার আমরা করবই ইনশাআল্লাহ।,
তরা ত ভারতেরি এজেন্ট রং আর লাগাইব কি,
হা/লারা,
হেতেন শীতে হাগল ওই গেছে।,
গোপন আঁতাত করে এখন লম্বা লম্বা কথা বলে আজকে হারুন ঘোষণা করেছে আ'লীগ কাউকে গ্রেফতার করলে থানা ঘেরাও করে নিয়ে আসবে,
Allahy jani toder thokay,
Tui hadi re khun korchoch,
নিজের গায়ে নিজেইতো মেখে বসে আছেন,
দেশে আনার ব্যাবস্থা করে দেন।তাদের লোকজন কে তো বিএনপি নামধারী আওয়ামী লীগের দোসর চাঁদাবাজ লুটপাট দখলবাজ মাধক কারবারীদের পুনবাসন করছে,
সন্ধ্যার পর ভোটের জন্য সাবের চৌধুরী সাহেবকে ভোটের সহযোগিতা চেয়ে কল দেননা তার গ্যারান্টি কি??,
আপনাদের হারুন ভাই দেয় চোখে দেখেন না থানা এটাক করবে ঘোষনা দিতেছে,
"অন্যান্য সকল প্রার্থী ঢাকা ৮ আসনে যত ভোট পাবে, তার তিন গুণ বেশি ভোট পেয়ে মির্জা আব্বাস সাহেব বিজয়ী হবেন।",
আপনারাই ঘোষণা দিয়ে আশ্রয় দিচ্ছেন।,
"সময় হলে বুঝবে,, ভালো-মন্দ খুঁজবে",
হাসিনা গোপনে কল দিয়ে ফান করছি বলিয়েন না,
বিএনপির সব চেয়ে সুবিধাবাদী নেতা। আওয়ামী আমলে যেন এখন ও তেমন।,
ঢাকা 8 এজন্যই তো ওসমান হাদী ভাইকে মেরে ফেলা হয়াছে,
ভারতীয় রঙের ডিব্বায় ডুব দিয়ে এখন বলেন রং লাগানোর চেষ্টা করা হচ্ছে। এটা কোন কথা হইল।,
বোকা বানিয়ে ধোঁকা দিয়ে ক্ষমতায় যেতে চায়। আওয়ামী লীগ কে পূর্ন বাংলাদেশের মাটিতে বিএনপি আনার ব্যবস্থা করতে মরিয়া হয়ে গেছে।,
Jamat,
Dhaka8 Hadi,
ফুটফুটে সুন্দর.......,
মানুষ বুঝে এখন আর আগের দিন নাই,
চাঁদাবাজ আগে হাদি হত্যার বিচার করেন তারপরে লেকচার দেন ২৪ শে জুলাই পরে মানুষ এখন কেয়ারফুল,
মির্জা আব্বাস কে ও পতিহত করা হবে,
আজকে নাকি মিটিং হয়েছে,
রঙ লাগানোর পর আরো সুন্দর দেখায়,
পুরনো রাজনীতি জনগণ চায়না এটা বোঝার ক্ষমতা কি আপনার আছে,
হাদী খুনের বিচার চাই,
"এটা ভোট পাওয়ার জন্য কৌশল মাত্র, সারাদেশে ওনার দলের কেন্দ্রিয় নেতারা আওয়ামী লীগের সাথে আপোষের ঘোষণা দেয়,আর উনি নতুন সবক দিচ্ছে মানুষকে।",
পরিবারতন্ত্র কে না বলুন।,
কিও কয় চাচায়,
Miza Abas ok sapot,
এদেশের মানুষ চোর গ্রহণ করবে না বাটপার গ্রহণ করবে না ছিনতাই চাঁদাবাজ গ্রহণ করবে না,
হাদির হত্যার বিচার আগে,
তারপরে নির্বাচন,
আর খায়না,
এখানে জামাত শিবিরের গুপ্তবাহিনী বট বাহিনি আছে,
"এইডার আয়ু কমে আসছে,,",
চান্দা,
"কথায় কি বুঝলেন, আর এক স্বৈরাচার উৎপত্তির আভাস,",
"শেখ হাসিনার গৃহপালিত পশু,,,",
"এক মেয়ের সাথে কিছু করতে পারেন নাই, আর আসছেন শেখ হাসিনা আটকানোর জন্য",
বিএনপির একেক নেতারা এক এক বক্তব্য দিচ্ছে,
আপনি শহীদ ওসমান বিন হাদি হত্যার দায় এড়াতে পারবেননা।,
"Dhaka 8, Fantastic",
"বি এন পি দলের নেতাদের কথার কোনো আগা মাথা নাই,এক নেতা বলে হাসিনাকে আনবে আরেক নেতা ভোটের৷ জন্য বলে আনবে না,,কার কথা মানুষ বিশ্বাস করবে",
কথা টাকি শেষ পযন্ত ঠিক থাকবে।,
আহা রে এভাবে যদি হাদি ভাই এর বিচারটা করতে পারতেন নিজ দায়িত্বে তাহলে এমন না বললেও জনগণ আপনাকে বুকে টেনে নিতো,
"এই বক্তব্য এই মূহুর্তে দেওয়া ঠিক হয় নাই,,একে বলে নিজের পায়ে নিজে কুড়াল মারা।",
বিএনপি একমাত্র দল যারা ক্ষমতায় যাবার আগে জনগণ পতন চায় বিএনপির সময় তিনবার সন্ত্রাসীতে চ্যাম্পিয়ন হয়েছিল বিশ্বের বুকে আমাদের ছোট হতে হয়েছিল,
"ইনশাআল্লাহ, ধানের শীষের হবে জয়",
ঢাকা ৮ আসন হাদি ভাইয়ের রক্তে রঞ্জিত পথ...,
পাগলে বলে কি,
বয়স হয়েছে আপনি এবার মসজিদে গিয়ে আল্লাহ আল্লাহ করেন,
পথ ক্লিয়ার করে ওয়াজ করলে যা হয়,
দেশে আনার জন্য আপনার উৎপেতে বসে আছেন,
বাংলাদেশের জনগণ আপনাদেরকে চায় না বহুত আপনাদেরকে সময় দিয়েছে আর না এবারের শপথ দাঁড়িপাল্লার শপথ,
আমরা আশাবাদী তোমাকেও ঢাকা ৮ গ্রহণ করবে না।,
হিংসার রাজনীতি চাই না। আমরা চাই দল মত নির্বিশেষে ১৮ কোটি মানুষের জীবন ও জীবিকার মান উন্নয়ন।,
বাংলাদেশের মানুষ শেখ হাসিনার জন্য কান্না করে জায়নামাজে বসে শেখ হাসিনা আসবে বীরের বেশে,
রং লাগিয়ে দেওয়ার চেষ্টা করে না আপনারা নিজেরা রঙে রঙে সেজে গেছেন দা/লা/লং,
জনতার জম,
নাসির উদ্দীন পাটোয়ারী,
হারুন ভাইর কথার সাথে মিল নেই,
তুমি নিজে ভালো হও,
"এই দেশের ৭৩% মানুষ হাসিনাকে চায়,,, আপনাদের কে চায় না না না",
রক্ত মাখা গায়ে,
ঢাকা ৮ এর প্রতিদ্বন্দ্বি সৎ ও আদর্শের উজ্জল নক্ষত্র হাদি হত্যার বিচার কি হবে?,
লা হাওলা ওয়ালা কুওয়াতা ইল্লা বিল্লাহিল আলিউল আজীম,
"শেখ হাসিনা আসতে পারবে না, কিন্তু আওয়ামী লীগের ভোট নেওয়া যাবে",
দূর হালার ঘরে হালা,
দাঁড়িপাল্লা,
হাসিনার আমলে তো আপনি তেলতেলা ছিলেন।,
Amar এলাকার মানুষ উনি,
আব্বাস সাহেব আপনি সময় পাবেন না ।এমন সুযোগ হবে পালানোর সুযোগ পাবেন না,
আওয়ামী লীগ ছাড়া বাংলাদেশে সুষ্ঠু নিরপেক্ষ নির্বাচন সম্ভব নয়,
গত ১৫ বছর মির্জা আব্বাস সাহেব অনেক প্রতিহত করেছে,
এই পৃথিবীর ইতিহাসে তিন জন উসমানের নাম ইতিহাসের সোনালি অক্ষরে লেখা আছে।,
ঢাকা ৮ খু নি বালপাস,
"বয়স কি কমছে,, ভালো মানুষ হও,,,হিসাব পাই টু পাই ওপারে দেওয়া লাগবে",
চাদা বাজের বাবা গড ফাদার আব্বাস চোরা ভোট চোর না ভোট,
পেয়ে পাস য়াকে জন গন বিসসাস ক রে না,
ভোট চোর,
হাদি হত্যাকারী বেহায়া নির্লজ্জ জালিম নমরুদের বাচ্চা,
ছাগলের তিন নম্বর বাচ্চা,
চাঁদাবাজ মির্জা আব্বাস বোরকা আব্বাস চাম্বা চান্দাবাজ,
মুরব্বী মুরব্বী হুহু,
টাকলা চোর হাদির খোনি তরাই,
জাগো বি এম পি জাগো,
পুরো দেশ দখল নে,
বর্তমানে কারা আওয়ামী লীগের অফিস খুলে দিতে আছে,
মুরগি চোর অলি,
লজ্জা করে বেটা কথা বলতে,
ক্রিমিনাল+চোর,
"ভোট চোর , চান্দা আব্বাস",
তুই হাদিরে হত্যা করছোস,
"কিরে চান্দ আব্বাস না এটা,",
"আপনারা যদি উল্টা পাল্টা করলে,,আপনাদের ছাটাই করা হবে,,,তখন আপনাদেরও এদেশের মানুষ গ্রহন করবে নাহ",
চান্দা আব্বাসের ভাষন,
আব্বাস চাঁদাবাজ,
চোর বোট চোর বিএনপি চাঁদাবাজ খুনি ডাকাত চোর বোট চোর,
ভোট চোরি করা,
স্কাটোনে/মালিবাগে ল্যান্ড শেয়ারে ফ্ল্যাট কিনুন আর ঘুরে সুন্দরবন/ কক্সবাজার পরিবারসহ।আমার ব্যাক্তিগত অফার!সিমীত সময়ের জন্য।,
আপনারা বিনোদোন উপভোগ করুন আর আপনাদের পার্টনাদের নিয়ে ঘুরে আসুন মালদ্বীপ ও শ্রীলংকা অথবা কক্সবাজার ঢাকা-মাওয়া রোডে জমি কিনে।,
চাদা বাজ,
আল্লামা মির্জা আব্বাস,
ভোট চুর,
চাঁদাবাস,
চিটার আব্বাস,
তুমি সন্ত্রাসী আব্বাস,
"চোর বাটপার চান্দা, বোরখা আব্বাস কত পদবি তার",
ভোট চোর,
চান্দাআববাস এই দেশ একাই পোদ মেরে দিচ্ছে,
চোর চান্দাব্বাস ভুয়া,
তোমরা চুদুরবুদুর করলে তোমাদেরকেও দেশ থেকে বিতারিত করা হবে,
তু্ই হাদী কে হত্যা করছো একদম সত্যি কথা,
চোরের বাচ্চা চোর,
চোরা আববাস,
"যারা ভারতের চাটাচাটি করে, তারা কি?",
"এরা হচ্ছে,বিএনপিতে গুপ্ত",
যারা কয়েকটা টাকার লোভে ভোট বিক্রি করে ভাই সেই দেশের উন্নতি কেমনে হবে?,
তাহলে বিচার হবে কার আপনার কাকু......,
উনাকে দেশে মাস্ট বি আনতেই হবে এবং উনার বিচার জনসম্মুখের সামনে করতে হবে.....,
আসসালামু আলাইকুম চান্দাব্বাস,
তোমার দিন শ্যাষ,
ঘটনা সত্য!!,
"চান্দা বাজ কেউ,,,",
Stupid,
এর চেহারা দেখলেই ত বাটপার বোঝা যায়,
চাদাবাজ,
আংশিক সত্য ও আংশিক মিথ্যা দিয়ে গল্প সাজানো,
tmr porajoy nijei krso,
জাতীয় জোকার দল,
"আপনার মেন্টালিটির যে অবস্থা,, কিছু দিন পর আপনাকে ও এ দেশের মানুষ গ্রহন করবে না।",
অটিস্টিক কোথাকার,
আওয়ামী লীগ কি ওরে এখন ভোট দিবে,
ফেনসিডিল ব্যবসায়ীর মুখে ভারত বিরোধী কথা শুনতে ভালই লাগতাছে মাথার মজাক মনে হয় একটু ঘুরছে,
ইনশাল্লাহ দাড়ি পাল্লা । ভোট দিবো নাসির পাটোয়ারী ইনশাআল্লাহ,
আপনাকে জুতার ভোট দেওয়া হবে,
"ফ্রুটিকা, মনকে করে দেয় একটু বেশিই পিউর।",
বলতে চাইছিলো ভাগ্যের কি পরিহাস ঢাকা ৮ এ হাদি আর নাই।,
"হাসিনা আইতাসে,,,,এইবার চুন চুনকে মারেগা। পেহালা নাম্বার তেরা হ্যায় রে চান্দাবাজ",
সুর মনে হয় পাল্টায় গেছে ?,
তোমরাই তো ৭১ ৭১ করে হাসিনাকে কৌশলে আদর জানাচছো,
বুইরা শয়তান,
আবালজাত,
জাতীয় চাঁদাবাজ,
চাঁদাবাজ খুনি সন্ত্রাসী নিপাত যাক,
মির্জা আব্বাস রিন খেলাপি কিনা খুজে বের করা দরকার। Dreamless Jobair,
You are indan how you say that,
আগের যুগ আর বর্তমান যুগ অনেক পার্থক্য আব্বাস ভাই,
চাঁদা বাজ,
"খুনি হাসিনা , গনহত্যাকারী হাসিনা, দেশে আসতে পারবে না কথাটা ভালো লাগছে, বাঁকী কথাগুলো সন্ত্রাসী কায়দায!",
Natok,
Bcos you're the greatest চাঁদাবাজ of Bangladesh,
বাটপার একটা বুইড়া খাটাশ কয় কি,
"ভরাডুবির ভয়ে দিশেহারা মগা,",
"ভারতীয় দালালকে তো ভারতীয়ই বলবে। আচ্ছা, ইন্ডিয়ান বলবোনে। খুশি থাকো",
তোর বাপের নামে মির্জা নাই তোর নামে মির্জা কেন ? বাটপার আগে সেটার ব্যাখ্যা দে ।,
হাদি হত্যার কে করছে,
না না নানানানান,
হাদীর মতো স্বচ্ছ একজন দেশপ্রেমিকের খুনির সাথে যার লেজুরভিত্তি তাকে চব্বিশ পরবর্তী জনতা খাবে না।,
মাকে দেখিয়ে আসি আমার থেকে বড় নিলজ্জ লোক আছে,
হাদি হত্যার মেইন মাষ্টার মাইন হচ্ছে এই চান্দা আব্বাস,
আপনারা নরেন্দ্র মোদির কাছে আত্মসমর্পণ করেছেন এটা জনগণ বুজে,
তুমি ভারতীয় প্রোডাক্ট চাঁদা আব্বাস,
৮.৪ কে হাহক,
তুই খুনি চাঁদাবাজ,
আসবে না কেন এনে ফাঁসি দাও ।,
ফ্যামেলি কার্ড ×,
‌‌‌লাল কার্ড √,
হাদির হত্যার জন্য এই মাদার ফাকার দায়ী,
মাদার ফাকার এটা খুনি,
"আপনারা রং মেখে বসে আছেন,",
বললেই অপরাধ হবে কেন ???,
তোরা তো অবশ্যই ভারতের টাকা খেয়ে ভারতের গোলামী করতেছো ত,
ঢাকা ৮ এ তোমাকে চুদে দেওয়া হবে,
Hadi re apnara khaisen beshidin tikben na,
ধান্দাবাজ বাটপার,
Kafar mirga abbas racord coran aita,
চাঁদাবাজ আর দালালদের জন্য যেটা প্রাপ্য,
তাকে দেখতে ক্রিমিনালের মতো দেখা যায়,
মির্জা আব্বাস খুবই খারাপ লোক।চাদাবাজ।,
চান্দা বাজ,
এই গলাবাজি গুলা 5 আগস্টের আগে কোথায় ছিলো চান্দা ভাই? মাদারবোর্ড,
ঢাকা - ৮ এর যোগ্যতা এবং অধিকার শুধু হাদি ভাই এর ছিলো। #JusticeForHadi,
রাজাকারের বাচচা,Negative
হাম্মা চুর শালা,Negative
আবাল।,Sarcastic_negative
খুনি তুই,Negative
"হাসিনাকে ফিরিয়ে এনে বিচার করা হবে, অপেক্ষা করেন",Neutral
তুমি ফেল,Negative
"খাওয়া থাকবে না, আফনে ফেইল মারবেন",Sarcastic_negative
www.chandabbas.com,Sarcastic_negative
দাদা দেশে না আসলে ফাসি দিবেন কেমনে,Sarcastic_negative
MD Aslam Uddin SanSha,Neutral
জনগণ এরে মূলা খাইয়ে দিবে,Sarcastic_negative
তুই হাদির খুনি,Negative
Chadabaz,Negative
Gaza khyce,Sarcastic_negative
চান্দাবাজ চান্দাআব্বাস,Sarcastic_negative
আমার ভাই ওসমা হাদী বিচার চাই।তার খুনিদের কাছে।।।,Negative
সেইজন্য একযোগে কয়েকশ আওয়ামী লীগকে দলে নিয়েছেন।,Sarcastic_negative
পাল্তু,Sarcastic_negative
শুধু তোমাকে না পুরো বিএনপিকে বয়কট করে জনগণ এর জবাব দিবে জাতির সাথে তোমরা কত বড় বেইমানি করছ,Negative
"যে যতটুকু পানিতে নামে সে ততটুকু ভিজে, আর যেটুকু ভিজে সেটুকু দেখা যায়",Sarcastic_negative
চান্দাব্বাস তোমার পট্কি মারে ডার্বি নাসির,Negative
ঠিক কথা বলে ছেন,Positive
"ঢাকা ৮ জনগণ চান্দাবাজ বয়কট করবে, ইনশাআল্লাহ",Positive
ওই কামরা বন্ধ কর,Sarcastic_negative
সিঙ্গারা বিক্রি করতে তোমার বাবা এত টাকা কিভাবে তোমার,Sarcastic_negative
ঢাকা ৮ এ আমাদের হাদি ভাই এর রক্ত লেগে আচে কোনো চাঁদা বাজ কে আমরা চাই না,Negative
তুই আসল চাঁদাবাজ,Negative
আপনারা যে কি মাল সাধারণ জনগণের কাছে পরিষ্কার,Sarcastic_negative
আপনার জন্য ভালো বাঁশা,Sarcastic_negative
চাঁন্দাবাজের দিন শেষ,Sarcastic_negative
Tui to modir putro go mutro,Negative
হাদী ভাই বেচে থাকলে। চান্দা আব্বাস ১০০% ফেল করত,Negative
তুমি পুটকি মারা খাইবা ইনশাআল্লাহ,Negative
বিএনপি মানে চাঁদাবাজ সন্ত্রাসী,Negative
তুইতো আসলে ঐটাই শালা মেইড ইন সোনাগাছি,Negative
১৭ বছর কার বাল ছিড়ছেন,Sarcastic_negative
তুমি চান্দাব্বাস।,Sarcastic_negative
তুই যে কি লেভেলের জাইরা ঢাকাবাসী জানে,Negative
ভারতিয় রং লাগায় নি অন্তরে ঢুকিয়ে রাখছেন,Negative
হাদীর খুনি,Negative
বুড়া বয়সে যে ভীমরতিতে ধরে এই বুড়ারে না দেখলে বুজতেই পারতাম না,Negative
Chadabazz der lider tui jawra abbas,
Justice For Hadi,Neutral
#WeAreOsmanHadi,Neutral
বয়কট চাঁদাবাজ দল,Negative
বোকাচোদা আব্বাস,Negative
কারণ তুই ঢাকা ৮ আসনের টপ লেভেলের চাঁদাবাজ কুলাঙ্গার হাদীর খুনি।,Negative
এরা বুঝে কথা বলে। রাতে চুরি করে সকালে সাধু সাজে,Sarcastic_negative
"এটা তোমার ভাগ্যের পরিহাস না এটা তোমার কর্মের ফল যাকে বলে কর্মফল,",Negative
"ভারতের লোকেরা বলে, তাদের গায়ে ভারতের রং লাগিয়ে দিচ্ছে, কি আজব না",Negative
তা ঠিক আছে কিন্তু তোর মতো চান্দাব্বাস কেও চুদে তাড়াবে,Negative
Madar Chod Dalaal,Negative
হাদীরে খুন করাইছোস তুই,Negative
Hassokor,Sarcastic_negative
চান্দা আব্বাস বিএনপিকে গিলে খেয়েছে তোমার খেইল খতম,Negative
ভারত আওয়ামীবিষয়ক বিম্পির স্থায়ী সদস্য,Sarcastic_negative
শুর দি পালটে গেছে,Sarcastic_negative
Chud ling,Negative
মাদারবোর্ড,Negative
তুমি সন্ত্রাস তুমি চাঁদাবাজ মির্জা আব্বাস তোমাকে জনগণ বয়কট করবে ইনশাআল্লাহ।,Negative
আমরা আশাবাদী তোমাকে ঢাকা ৮ গ্রহণ করে না ইনশাআল্লাহ,Negative
তোরা মুনাফেক ভিতরে একটা বাহিরে আরেকটা চান্দা ভাই,Sarcastic_negative
তোরেও ভারত পাঠাই দিমু,Negative
চান্দা আব্বাসের মতো নেতা দেশের অলিগলিতে পাওয়া যাবে কিন্তু ওসমান হাদি একজনই ।,Negative
"হাদি হত্যায় চরম ভুমিকা,,এই খানকির পোলার",Negative
তুমি চান্দাব্বাস হতে পারবা না,Sarcastic_negative
নাটক কম করেন,Sarcastic_negative
আহারে চান্দা কাকু,Sarcastic_negative
হাদি হত্যার বিচার চাই এই সব বাদ,Neutral
মুখে মধু অন্তরে বিষ৷ এখন বঙালী আর বোকা.দা নেই।,Negative
চান্দা + অভ্যাস৷,Sarcastic_negative
সন্ধি বিশ্চেদ কী হবে?,Neutral
তোমাকে ও ঢাকা গ্রহণ করবে না ইনশাআল্লাহ,Negative
#Banglaedition,Neutral
Pinaki Bhattacharya - পিনাকী ভট্টাচার্য,Neutral
নাসিরুদ্দিন ভাই,Neutral
বয়কট বয়কট বয়কট,Negative
এই শালা চুপ চিটার বাটপার,Negative
জনগণ ইতি মধ্যে বুঝে গেছে তোমরা খাটি ভারতীয়,Negative
Chanda abbas,Sarcastic_negative
হাদির খুনি মিরজাপর আব্বাস,Negative
হাদির রক্ত তোর হাতে লেগে আছে,Negative
"এই বাটপার কে ধরলে হাদি হত্যা কে করছে সবকিছুই বের হয়ে জাবে,",Negative
"বাল ফালাইয়া দিছো ১৭ বছর দেখলাম তো,,",Negative
তুমি মির্জা আব্বাস তুমিও আওয়ামী লীগের দোসর তোমারে জনগণ বয়কট করবে।,Negative
খুনি আব্বাছ,Negative
মীর্জা আব্বাস সাহেব জিন্দাবাদ,Positive
আপনি অনেক ভয়ে আছেন এজন্য অন্য ক্যান্ডিডেটদের গ্রামে নির্বাচন করতে বলতেছেন।,Sarcastic_negative
Indian agent,Negative
মানুষ এখন সচেতন কাকে ভোট দিলে তাদের নতুন প্রজন্ম ভালো থাকবে এটা মানুষ যানে,Positive
তুই তো কালারই শালা,Sarcastic_negative
আপনারা স্বৈরাচার শেখ হাসিনার চাইতেও বড় খতরনাক,Negative
আরে চান্দাবাজ মির্জা আব্বাস,Negative
তুমি কে চিনলাম নাতো,Sarcastic_negative